,gdp,gnp,real_gdp,real_gdp_per_capita,net_exports,gni,govt_spending,consumer_spending,private_domestic_investment,cpi,consumer_oil_price,ir,unemployment_rate,Close,Volume,ClosePrev,CloseNext,%gdp,%gnp,%real_gdp,%real_gdp_per_capita,%net_exports,%gni,%govt_spending,%consumer_spending,%private_domestic_investment,%cpi,%consumer_oil_price,%ir,%unemployment_rate,%Close,%Volume,%ClosePrev,%CloseNext,DIFF_gdp,DIFF_gnp,DIFF_real_gdp,DIFF_real_gdp_per_capita,DIFF_net_exports,DIFF_gni,DIFF_govt_spending,DIFF_consumer_spending,DIFF_private_domestic_investment,DIFF_cpi,DIFF_consumer_oil_price,DIFF_ir,DIFF_unemployment_rate,DIFF_Close,DIFF_Volume,DIFF_ClosePrev,DIFF_CloseNext,LR_gdp,LR_gnp,LR_real_gdp,LR_real_gdp_per_capita,LR_net_exports,LR_gni,LR_govt_spending,LR_consumer_spending,LR_private_domestic_investment,LR_cpi,LR_consumer_oil_price,LR_ir,LR_unemployment_rate,LR_Close,LR_Volume,LR_ClosePrev,LR_CloseNext
gdp,1.0,0.9999836912031806,0.9845306621171251,0.9607955712994216,-0.9172367447773319,0.9998662785298044,0.9432960471842545,0.9997794565511366,0.9861882186120919,0.97861738578513,0.9377197971989467,-0.4262051911328718,0.12078229705153147,0.9495674423230155,0.8949268493768086,0.9518731412402439,0.9448501803007057,-0.2767116752728926,-0.2733130396253689,-0.13731965202202753,-0.08088498762150087,-0.06821953878580132,-0.27758170267890614,-0.17866427721030056,-0.24383631977827014,-0.26900517963131154,-0.2505188174195988,-0.021555734110523684,-0.05638104679009327,0.03662936553519478,0.018872838809693343,-0.048824087447360304,0.009268400913014306,0.025642173183593377,0.32653516653227,0.3202279657700883,0.1290215576842679,0.04375732000109359,-0.10837842931509713,0.32352119450817,-0.05638738340952828,0.31915379501588476,0.5930281687022239,0.3158802207474268,0.045230229153896774,-0.07964622932020615,-0.02059588849395495,0.3089932248483567,0.05788524009128049,0.28155645581824595,0.3278519132111117,-0.27671167527289253,-0.273313039625329,-0.13731965202203145,-0.08088498762150666,-0.06821953878580128,-0.27758170267886867,-0.17866427721031275,-0.24383631977822218,-0.26900517963132975,-0.25051881741956145,-0.021555734110521738,-0.056381046790090955,0.03662936553519457,0.018872838809689065,-0.04882408744735943,0.009268400913010897,0.025642173183601215
gnp,0.9999836912031806,1.0,0.9839366994367962,0.9598255076711548,-0.9166407184329038,0.9998738264427465,0.9422304263402151,0.9998233227251923,0.986571229812956,0.977938637070914,0.9384876908467429,-0.42722157423306106,0.12158142200704103,0.9497651207465683,0.8960214783562,0.9520213275001863,0.9450783498144341,-0.27631646858717895,-0.272852495082726,-0.1372146494264396,-0.08076141665549685,-0.06807096375755378,-0.2771629499755163,-0.17877198528149718,-0.24362046892936334,-0.2683207444875028,-0.2500956675793482,-0.021282165897667037,-0.05598252876365405,0.03623230307605881,0.01906461861836436,-0.049424279742169654,0.009421684932571069,0.025816792950790285,0.3265941685074261,0.3203590487075422,0.12897153367704886,0.04380003290922968,-0.10824933739702439,0.3236036650397657,-0.057388769021790104,0.3191234240548221,0.5934539878883586,0.3155656816640047,0.045644204619935014,-0.07937619510907057,-0.021039379893679922,0.309710020901372,0.05676366887146097,0.2820436177675132,0.3283283780817396,-0.276316468587179,-0.27285249508268616,-0.1372146494264436,-0.08076141665550254,-0.06807096375755375,-0.2771629499754789,-0.17877198528150945,-0.24362046892931544,-0.26832074448752113,-0.25009566757931084,-0.021282165897665073,-0.05598252876365176,0.03623230307605861,0.01906461861836007,-0.049424279742168786,0.009421684932567672,0.025816792950798133
real_gdp,0.9845306621171251,0.9839366994367962,1.0,0.9942013763471683,-0.904937482289826,0.9843214280728312,0.9820640761112169,0.9819351431555533,0.9496834357097196,0.99252656436544,0.9233753675727139,-0.32668858568584735,0.15546536921934145,0.9071151762074855,0.8483524367723762,0.9104798884045656,0.9010075923471782,-0.25207305096742794,-0.2484781142908431,-0.1350887269957705,-0.07531973671064646,-0.07186094809170238,-0.2552470796273785,-0.20784392956969885,-0.21020782647891756,-0.2954245569105944,-0.1922961132401491,0.0020069450458396073,-0.05144109328987134,0.02234457795792433,0.006254187398427611,-0.037882453950698156,-0.0012646024644289643,0.009369970350958998,0.3332711355249468,0.3272453416873209,0.1429925770616134,0.05525976064612309,-0.10968118854434053,0.3303456724105016,-0.056781600085998425,0.32269912243521987,0.5612495484574707,0.36386770066970886,0.057832393600529323,-0.07471458866760418,-0.02311785730516847,0.2800059849597933,0.06095103888940631,0.2573025127320857,0.29242651238317274,-0.25207305096742577,-0.24847811429080355,-0.1350887269957766,-0.0753197367106546,-0.07186094809170232,-0.25524707962734033,-0.20784392956971168,-0.21020782647886835,-0.2954245569106123,-0.19229611324011098,0.0020069450458411113,-0.05144109328986919,0.022344577957924206,0.0062541873984231795,-0.03788245395069716,-0.0012646024644323997,0.009369970350967729
real_gdp_per_capita,0.9607955712994216,0.9598255076711548,0.9942013763471683,1.0,-0.8823806359988137,0.9606217848778248,0.9908722896932047,0.956553356653808,0.9143866671202674,0.9879580322059927,0.8999131839096475,-0.257275375039289,0.1683002364729018,0.8691906664116111,0.8030348508703773,0.8728144688907701,0.8626144489199115,-0.23129834751774167,-0.22783559900034187,-0.12906388942998617,-0.06830947537327564,-0.07377605854949376,-0.23536657742151432,-0.21646981879478763,-0.18500005080768855,-0.29930102290701416,-0.15305411879033548,0.015525242813248007,-0.048880730911793555,0.010913245396640195,0.0029510600279140666,-0.03174779580661337,-0.002549586244692502,0.0024757967686032836,0.33652263276952543,0.33051590310988865,0.15231173280504007,0.06453954855288768,-0.10913404130474155,0.3338298341780948,-0.050460193613063566,0.32454781219578566,0.5394275790782828,0.39420416900926025,0.06571604251468884,-0.07112792988592896,-0.027893737632491197,0.2630799841549763,0.06226354652113129,0.24250418296763168,0.27081063118486287,-0.2312983475177382,-0.22783559900030334,-0.12906388942999356,-0.06830947537328488,-0.07377605854949368,-0.23536657742147654,-0.21646981879480026,-0.18500005080763895,-0.29930102290703137,-0.15305411879029748,0.015525242813249315,-0.048880730911791494,0.010913245396640072,0.0029510600279096257,-0.0317477958066123,-0.0025495862446959106,0.002475796768612408
net_exports,-0.9172367447773319,-0.9166407184329038,-0.904937482289826,-0.8823806359988137,1.0,-0.9105999412927521,-0.8728419528399907,-0.9205152918318479,-0.8920818034735888,-0.8846433094665571,-0.8960693820217016,0.42209408911965535,-0.05759127999235662,-0.8643673362410033,-0.8577731194594895,-0.8683508375767389,-0.8565081306262795,0.23987289697894787,0.23568548983598261,0.11275131236429431,0.062122752402973144,0.06424899812112304,0.24677191353986277,0.14296630781784828,0.2075936566891333,0.24626098442792646,0.2315533168072163,-0.06660513663114756,0.016235700294446972,-0.013454824902363799,0.013098194859294128,0.03403771222046376,0.01650418708716427,0.030954016640073308,-0.3315881556109838,-0.326129421437897,-0.13461212338144124,-0.05468244291815417,0.15741199643560297,-0.32087878980624707,0.033578615085792046,-0.3320351913836275,-0.5376885582119393,-0.3233285693731536,-0.14163700524016531,0.04847709095511262,0.04038536212505043,-0.2566610607482716,-0.08930174639840326,-0.22836144536650263,-0.2521938729570787,0.23987289697894992,0.23568548983594484,0.11275131236429946,0.06212275240297891,0.064248998121123,0.24677191353982844,0.14296630781785985,0.20759365668908858,0.24626098442794325,0.23155331680718258,-0.0666051366311496,0.016235700294444773,-0.013454824902363875,0.013098194859297488,0.03403771222046291,0.01650418708716702,0.030954016640066747
gni,0.9998662785298044,0.9998738264427465,0.9843214280728312,0.9606217848778248,-0.9105999412927521,1.0,0.9428572425122591,0.9995028659114513,0.986568942236181,0.9790194121296886,0.9361182084106333,-0.42486886408248886,0.12294994457428231,0.9497118581809447,0.893291777289214,0.9519405360159812,0.9451402407466282,-0.2772468369816995,-0.27389258466613914,-0.13784332463262142,-0.08136959573266732,-0.06814163089749678,-0.2778662841700348,-0.1794988496771791,-0.2444631051445347,-0.26898893178973154,-0.2504127257010465,-0.025098876280761115,-0.05783002790601765,0.037451396001799364,0.02011869663989071,-0.0492586945485053,0.010293711335402677,0.027875061168390936,0.32517460095690154,0.3188548413688789,0.12833642205650014,0.04315428696109561,-0.10598272930641339,0.32248719110090796,-0.05712462442894741,0.3174979167648624,0.5932058049367013,0.31445894543886005,0.04111272044313839,-0.08064455198424197,-0.01971073990577147,0.3100504368060872,0.05639108396227664,0.2827459803024602,0.32980012372948103,-0.2772468369816994,-0.2738925846660993,-0.13784332463262525,-0.08136959573267306,-0.06814163089749674,-0.2778662841699973,-0.17949884967719137,-0.24446310514448671,-0.26898893178974953,-0.25041272570100914,-0.025098876280759127,-0.05783002790601535,0.037451396001799135,0.020118696639886406,-0.04925869454850444,0.01029371133539927,0.027875061168398847
govt_spending,0.9432960471842545,0.9422304263402151,0.9820640761112169,0.9908722896932047,-0.8728419528399907,0.9428572425122591,1.0,0.9394040094333551,0.8910418689990037,0.9789165577851963,0.8921498528927952,-0.2698332732110163,0.22036911991690383,0.8320492552010619,0.8110665981811072,0.8371560017019799,0.8252054807727247,-0.26541022715770346,-0.2613296323610244,-0.15188134170162393,-0.0913769513277205,-0.07238242155560358,-0.26859347036408765,-0.23632050598383073,-0.20793985966010486,-0.33616285441361393,-0.17937921747669816,-0.0004663568345580915,-0.07510781809883081,0.042407825038296085,-0.010353848042766817,-0.026931352169390757,-0.0214223559608849,-0.0006863727294401521,0.3060346778537711,0.3011635640894339,0.12550540366251567,0.037623460676624726,-0.09586890835687988,0.3041314205074545,-0.061153626953901905,0.29711391547738353,0.4961100762865598,0.37316816532998703,0.05841450732911263,-0.1020295272792858,0.00481523106511022,0.23045416268630872,0.06664729735072744,0.2120258743962194,0.25212359464807915,-0.26541022715769896,-0.26132963236098694,-0.15188134170163103,-0.09137695132772988,-0.07238242155560352,-0.268593470364051,-0.2363205059838427,-0.2079398596600558,-0.3361628544136306,-0.17937921747666255,-0.0004663568345567441,-0.07510781809882874,0.04240782503829595,-0.010353848042771232,-0.026931352169389643,-0.02142235596088829,-0.0006863727294308834
consumer_spending,0.9997794565511366,0.9998233227251923,0.9819351431555533,0.956553356653808,-0.9205152918318479,0.9995028659114513,0.9394040094333551,1.0,0.9871126681244593,0.9753079042158329,0.9391708980346976,-0.43844242214352336,0.11846589369525437,0.9503137001861233,0.9010093850065112,0.9526299454497276,0.9456043709716071,-0.2776008287843068,-0.27403940605752586,-0.13680425508733055,-0.08071115114001091,-0.06750071610675305,-0.27830366046519345,-0.177647970433269,-0.24457048703430886,-0.2690595647284608,-0.2543778869699422,-0.019740998221680073,-0.054500025289923405,0.035396169731321286,0.01775728075034825,-0.05057979697500236,0.007078154751067636,0.024800119324523744,0.32685208152153505,0.32069392575299194,0.1286927610999177,0.0435313966967614,-0.10828654913446355,0.3238670132748323,-0.05908648823991841,0.3204833531384895,0.592429006879734,0.31218603834016323,0.04818025616601726,-0.07908661337092243,-0.021522729549940684,0.3091220190940415,0.05621142874169364,0.27970893885309955,0.3282605438964555,-0.27760082878430725,-0.27403940605748606,-0.1368042550873343,-0.08071115114001651,-0.06750071610675298,-0.278303660465156,-0.17764797043328126,-0.24457048703426124,-0.269059564728479,-0.25437788696990493,-0.019740998221678095,-0.05450002528992111,0.0353961697313211,0.017757280750343975,-0.05057979697500153,0.007078154751064243,0.02480011932453153
private_domestic_investment,0.9861882186120919,0.986571229812956,0.9496834357097196,0.9143866671202674,-0.8920818034735888,0.986568942236181,0.8910418689990037,0.9871126681244593,1.0,0.9396247395956754,0.905632462223357,-0.4593352570214599,0.0855345025131263,0.9807104053464842,0.896068165556429,0.9815279670583004,0.9783676691383723,-0.27363761611617127,-0.27104028551622333,-0.13635654068838143,-0.08016197499541317,-0.06275078819936265,-0.27615848295898404,-0.15999434615730146,-0.2408173420020215,-0.23722330737976266,-0.25698771879299775,-0.030272878499226944,-0.07561844023786152,0.06796514553817438,0.024251037398318923,-0.048557342451379756,0.013979528846268163,0.03469012036109944,0.3126688854147661,0.30555212767827167,0.11225204552794973,0.034527456369985284,-0.12561043759393464,0.3062563478524303,-0.04708575812078786,0.3120664793605103,0.6264429156126017,0.2897320082936105,0.03479428896896183,-0.08816250372761682,-0.008239178414746154,0.3395447590195128,0.05955393706997376,0.3082978283806014,0.3714092659542472,-0.2736376161161724,-0.27104028551618353,-0.13635654068838352,-0.0801619749954175,-0.06275078819936261,-0.2761584829589481,-0.15999434615731345,-0.24081734200197605,-0.23722330737978065,-0.25698771879296145,-0.030272878499224998,-0.07561844023785923,0.0679651455381741,0.02425103739831462,-0.048557342451379076,0.01397952884626483,0.03469012036110659
cpi,0.97861738578513,0.977938637070914,0.99252656436544,0.9879580322059927,-0.8846433094665571,0.9790194121296886,0.9789165577851963,0.9753079042158329,0.9396247395956754,1.0,0.9249862901791381,-0.3273741323182994,0.2003551337643257,0.8880626974678322,0.8377697019709102,0.8913984255369386,0.8825115595290883,-0.2780719297271133,-0.27500034818825575,-0.14656392665312326,-0.08981472811016852,-0.07439723942341157,-0.28080066693693967,-0.19487934691664244,-0.23656020407228384,-0.2938756654080787,-0.21936196559574817,-0.02123824875892141,-0.069545022245777,0.03554578393452829,0.021899607394831523,-0.03751636571491721,0.012574966544546795,0.02986603436055682,0.3199485527169316,0.31387474976079843,0.12994954220279706,0.04065297222973417,-0.10594488105677095,0.31703533855222016,-0.05362086119508627,0.3105161695567054,0.5475498974014914,0.3594549231348569,0.0467099223722542,-0.1023777950517929,-0.011191993246575114,0.2735806314565514,0.06169307380136247,0.2539605590817174,0.29183798088871077,-0.27807192972711126,-0.27500034818821806,-0.14656392665312964,-0.08981472811017685,-0.0743972394234115,-0.28080066693690264,-0.19487934691665412,-0.2365602040722349,-0.29387566540809607,-0.2193619655957106,-0.021238248758919585,-0.06954502224577484,0.03554578393452809,0.021899607394827356,-0.037516365714916095,0.012574966544543483,0.029866034360565653
consumer_oil_price,0.9377197971989467,0.9384876908467429,0.9233753675727139,0.8999131839096475,-0.8960693820217016,0.9361182084106333,0.8921498528927952,0.9391708980346976,0.905632462223357,0.9249862901791381,1.0,-0.3508040718336743,0.2577856413884938,0.8337027977425374,0.9027805737437404,0.8370525764052864,0.8261826673482802,-0.2678113919856603,-0.2649035637900685,-0.16465616788826432,-0.11096315030227509,-0.06295277868902617,-0.2611070614471348,-0.19327214406228763,-0.24056861368213076,-0.24558643125598126,-0.1870034525185639,0.015985373579240486,-0.06778471445709398,0.015949140660540654,0.00715047598186985,-0.05122673960862402,0.006846015506296813,-0.0020118797683917186,0.29228793828803046,0.2871675100513394,0.09037389367559658,0.005928860674251144,-0.04459298068751092,0.2980564441877823,-0.11697585565129259,0.28026454749486956,0.5214838811956138,0.33973861030236974,0.09034923995485658,-0.09949767298806791,-0.01715871634198193,0.2539848293011504,0.04620483528131219,0.24568806307954227,0.24402855608739438,-0.2678113919856597,-0.26490356379003305,-0.1646561678882712,-0.1109631503022798,-0.06295277868902614,-0.2611070614470985,-0.19327214406229815,-0.2405686136820864,-0.24558643125599852,-0.18700345251853118,0.015985373579242002,-0.06778471445709201,0.015949140660540418,0.007150475981865992,-0.05122673960862321,0.006846015506293348,-0.002011879768383873
ir,-0.4262051911328718,-0.42722157423306106,-0.32668858568584735,-0.257275375039289,0.42209408911965535,-0.42486886408248886,-0.2698332732110163,-0.43844242214352336,-0.4593352570214599,-0.3273741323182994,-0.3508040718336743,1.0,0.14444471328939282,-0.44740647846456,-0.5360596134951222,-0.4508719639689299,-0.44571532375903095,0.26255835933429095,0.25829323559757433,-0.03244456520912205,-0.02983187094273704,0.02489870507727498,0.2613463963572616,-0.022323532937847015,0.3070395141046219,0.21749682525221628,0.620985967381389,0.17469919332459644,0.05174794797219853,-0.019525505115622028,-0.03583251309396819,0.0693584863957634,-0.012658959199679274,-0.060167474414998666,-0.06503941279321736,-0.06434206134622869,-0.0402141087488567,-0.022933570858317574,0.047886019255504626,-0.060191393690460025,0.05763150715047871,-0.0743166709135375,-0.15815302554429045,0.2902869106085824,0.0692974464186569,0.09378172038247201,0.04020045985093642,-0.11452462594183668,-0.0023514716820097195,-0.09254362398559533,-0.1613668754617173,0.26255835933430055,0.2582932355975555,-0.032444565209134336,-0.029831870942743435,0.024898705077274975,0.26134639635724904,-0.0223235329378413,0.30703951410460645,0.21749682525222366,0.6209859673813803,0.17469919332459313,0.051747947972196826,-0.019525505115622253,-0.03583251309396751,0.06935848639576336,-0.012658959199677982,-0.0601674744149975
unemployment_rate,0.12078229705153147,0.12158142200704103,0.15546536921934145,0.1683002364729018,-0.05759127999235662,0.12294994457428231,0.22036911991690383,0.11846589369525437,0.0855345025131263,0.2003551337643257,0.2577856413884938,0.14444471328939282,1.0,-0.028303096013617596,0.22916537903752662,-0.023685936573771424,-0.020900206338292003,-0.08953593696482148,-0.0904866850573739,-0.14175975584624292,-0.11854817319981759,0.032004904999982244,-0.10350169551756569,-0.2285209665359634,-0.047343355017267365,-0.24881748075629173,0.04476182935083309,-0.09410072632920415,-0.2139618887552562,0.2543029280330731,0.045221661171372635,0.09079621372045575,-0.020263948381125572,0.14994391855120087,-0.09061615273316137,-0.08820216510439814,-0.12308178257515238,-0.12782067465323058,-0.02106080877650748,-0.09803906883829164,-0.21284513329461988,-0.08366503308283207,-0.07992652075229095,0.0959832229349221,-0.06489649904808667,-0.2573352300483502,0.20795041678210055,-0.07039204932049818,0.01821492010194004,-0.04289805480886873,0.08442145110093119,-0.08953593696481488,-0.09048668505737577,-0.1417597558462527,-0.11854817319982563,0.03200490499998224,-0.10350169551755878,-0.2285209665359625,-0.047343355017261966,-0.24881748075629315,0.044761829350834385,-0.09410072632920567,-0.21396188875525643,0.25430292803307264,0.04522166117137148,0.09079621372045615,-0.02026394838112683,0.14994391855120529
Close,0.9495674423230155,0.9497651207465683,0.9071151762074855,0.8691906664116111,-0.8643673362410033,0.9497118581809447,0.8320492552010619,0.9503137001861233,0.9807104053464842,0.8880626974678322,0.8337027977425374,-0.44740647846456,-0.028303096013617596,1.0,0.8278189308945929,0.9975092047023887,0.9974460363447879,-0.24456432987296964,-0.24302328213665617,-0.1129236347618343,-0.05891495544376311,-0.05928858151928909,-0.2548299390888982,-0.13810460965245128,-0.20833847582213041,-0.20464373010648448,-0.24628287914386568,-0.008740444089965502,-0.07010005963944929,0.06611575329110092,0.04561109761636764,-0.041046412831201945,0.03989081488725897,0.017408467277781097,0.3183019487024588,0.3097037165935588,0.12178271797762041,0.050515333122539766,-0.17276819849870523,0.30452272929578145,-0.019463102903091486,0.32378499021835755,0.6469985652146643,0.2842907370157988,0.05040887921566797,-0.07527654652307646,-0.01830373123925842,0.3896293965411573,0.06337881360964602,0.3565857549234222,0.3765725059653679,-0.24456432987297178,-0.24302328213661625,-0.11292363476183505,-0.05891495544376728,-0.059288581519289035,-0.25482993908886414,-0.13810460965246352,-0.20833847582208764,-0.20464373010650216,-0.24628287914382915,-0.00874044408996347,-0.07010005963944707,0.06611575329110068,0.045611097616363463,-0.04104641283120138,0.03989081488725594,0.01740846727778736
Volume,0.8949268493768086,0.8960214783562,0.8483524367723762,0.8030348508703773,-0.8577731194594895,0.893291777289214,0.8110665981811072,0.9010093850065112,0.896068165556429,0.8377697019709102,0.9027805737437404,-0.5360596134951222,0.22916537903752662,0.8278189308945929,1.0,0.837265824370703,0.8230629179289289,-0.30486878836843323,-0.2984477650532334,-0.16664442754365688,-0.11796343802613789,-0.05110011783382186,-0.29086836372148683,-0.14731968384573066,-0.2855946040096258,-0.26251298539202605,-0.2834833378725355,-0.061077990032541,-0.11658592640790699,0.10212947832575253,-0.05703012375642264,-0.024653156142277262,-0.06531364270623845,-0.0052022016507665015,0.22265594249596948,0.22130643703361808,0.044364126051913116,-0.02853464266473895,-0.008770519359075933,0.2311202222348314,-0.07697587139490132,0.22612919712670154,0.4676874811895307,0.1705266313196467,-0.018189650023816895,-0.1051678058394798,0.04277961870727807,0.1722755537593272,0.12753942197190446,0.15646798100737816,0.27746918310436025,-0.30486878836843534,-0.2984477650531978,-0.16664442754365993,-0.11796343802613994,-0.051100117833821804,-0.2908683637214527,-0.14731968384574157,-0.2855946040095857,-0.2625129853920426,-0.28348333787250585,-0.06107799003253942,-0.11658592640790486,0.10212947832575235,-0.05703012375642633,-0.0246531561422768,-0.06531364270624188,-0.005202201650760293
ClosePrev,0.9518731412402439,0.9520213275001863,0.9104798884045656,0.8728144688907701,-0.8683508375767389,0.9519405360159812,0.8371560017019799,0.9526299454497276,0.9815279670583004,0.8913984255369386,0.8370525764052864,-0.4508719639689299,-0.023685936573771424,0.9975092047023887,0.837265824370703,1.0,0.9940990732291645,-0.26573157051468543,-0.26411795293368995,-0.13298681907167598,-0.0790768851369511,-0.059555026197235565,-0.2722088932871297,-0.1338206766972069,-0.230787219747274,-0.21831680330165507,-0.25546669467073024,-0.024177210722069898,-0.09196947379043358,0.09338277301997157,-0.0009187728562349013,-0.027495467440326382,0.03164871268208887,0.007169017721467912,0.2936446248385552,0.28503235412200884,0.09737416700462534,0.02587799132840376,-0.14538359773323636,0.2831941922608729,-0.006569472046937776,0.29940255848001945,0.6277434492347522,0.26758758190874904,0.02892419068546843,-0.08909984257155441,0.01031414212056353,0.32369686057241265,0.10193679868225206,0.3494248081102774,0.3644473396217837,-0.26573157051468754,-0.26411795293365026,-0.1329868190716768,-0.07907688513695525,-0.059555026197235524,-0.27220889328709547,-0.13382067669721923,-0.23078721974723124,-0.2183168033016728,-0.2554666946706935,-0.024177210722067893,-0.09196947379043131,0.09338277301997133,-0.0009187728562390238,-0.027495467440325834,0.03164871268208579,0.007169017721474237
CloseNext,0.9448501803007057,0.9450783498144341,0.9010075923471782,0.8626144489199115,-0.8565081306262795,0.9451402407466282,0.8252054807727247,0.9456043709716071,0.9783676691383723,0.8825115595290883,0.8261826673482802,-0.44571532375903095,-0.020900206338292003,0.9974460363447879,0.8230629179289289,0.9940990732291645,1.0,-0.22343435625562738,-0.2213460150687764,-0.09232169192623577,-0.03808949923810381,-0.058176744427358706,-0.23534010882294373,-0.13944571111031148,-0.18442838896899474,-0.19024954363132637,-0.236228889732945,0.002444383855942592,-0.060535780997371565,0.059146392522472106,0.054522569724286395,-0.0434432798509454,0.04375720413475498,0.06387493452229698,0.34060393589284865,0.33229067381972166,0.1456042151892929,0.07519086572776765,-0.19082649507955302,0.3248977396280259,-0.025716087353394448,0.34761970517034657,0.6639705601566305,0.30135760875149237,0.07128025717694739,-0.06597857504880211,-0.031137615524998243,0.3998960685246155,0.05232083737428231,0.3630461897473817,0.4417771380979398,-0.22343435625562957,-0.2213460150687365,-0.09232169192623624,-0.03808949923810795,-0.05817674442735865,-0.23534010882290984,-0.13944571111032342,-0.18442838896895186,-0.1902495436313439,-0.23622888973290873,0.002444383855944605,-0.060535780997369344,0.059146392522471856,0.054522569724282204,-0.043443279850944864,0.043757204134751954,0.06387493452230321
%gdp,-0.2767116752728926,-0.27631646858717895,-0.25207305096742794,-0.23129834751774167,0.23987289697894787,-0.2772468369816995,-0.26541022715770346,-0.2776008287843068,-0.27363761611617127,-0.2780719297271133,-0.2678113919856603,0.26255835933429095,-0.08953593696482148,-0.24456432987296964,-0.30486878836843323,-0.26573157051468543,-0.22343435625562738,1.0,0.9961099888123539,0.8839993459775795,0.8841680436167378,0.021483516094962678,0.974898445321879,0.1740917137642147,0.8172831866478885,0.31938850366632743,0.4121719341929032,0.25182821556081725,0.3637877952262116,-0.6712979699497014,0.22407384840650457,-0.0225634381034313,0.11246562584159435,0.1490544798682063,0.5925576320074214,0.5921311105890339,0.7422274908837934,0.8192733177897624,-0.2266770610106489,0.5822420478105043,0.06802223127317349,0.5466274167933788,0.15546980478034883,0.28688336943254533,0.26485849561988034,0.35134085704965684,-0.716226781621911,0.18903812170023226,-0.21692828133396555,-0.10093845835493713,0.1738630758848796,1.0,0.9961099888123534,0.883999345977576,0.8841680436167377,0.021483516094962674,0.9748984453218786,0.17409171376421564,0.8172831866478839,0.3193885036663312,0.4121719341928958,0.25182821556081536,0.3637877952262106,-0.6712979699497016,0.2240738484065048,-0.022563438103431668,0.11246562584159532,0.14905447986820494
%gnp,-0.2733130396253689,-0.272852495082726,-0.2484781142908431,-0.22783559900034187,0.23568548983598261,-0.27389258466613914,-0.2613296323610244,-0.27403940605752586,-0.27104028551622333,-0.27500034818825575,-0.2649035637900685,0.25829323559757433,-0.0904866850573739,-0.24302328213665617,-0.2984477650532334,-0.26411795293368995,-0.2213460150687764,0.9961099888123539,1.0,0.8830074029414482,0.8830416076920596,0.01533159652296941,0.9697267866626293,0.17116576834516245,0.8185596025854885,0.3135120256813741,0.4153760723223665,0.2709194099568508,0.36203917375388694,-0.6746748844936985,0.2181063013150742,-0.03006267788289978,0.11700786655052613,0.1527980693667345,0.5990637939746996,0.6040103368781031,0.7479331892996831,0.8227681267114082,-0.23325272651544757,0.5879748697650589,0.06551618540621001,0.5555719951325842,0.15396078086752052,0.2969280556618024,0.284469872436137,0.3523996437079816,-0.7204261136003527,0.18864092045718645,-0.22933812526301398,-0.1053043923591439,0.18159296133522,0.9961099888123537,1.0000000000000007,0.8830074029414451,0.883041607692061,0.015331596522969402,0.96972678666263,0.17116576834516317,0.8185596025854844,0.31351202568137754,0.41537607232235924,0.270919409956849,0.3620391737538861,-0.6746748844936984,0.2181063013150746,-0.03006267788290015,0.11700786655052685,0.15279806936673312
%real_gdp,-0.13731965202202753,-0.1372146494264396,-0.1350887269957705,-0.12906388942998617,0.11275131236429431,-0.13784332463262142,-0.15188134170162393,-0.13680425508733055,-0.13635654068838143,-0.14656392665312326,-0.16465616788826432,-0.03244456520912205,-0.14175975584624292,-0.1129236347618343,-0.16664442754365688,-0.13298681907167598,-0.09232169192623577,0.8839993459775795,0.8830074029414482,1.0,0.9965753482022709,-0.032351776070865826,0.8546420233557259,0.17034918740356988,0.6825196087391743,0.24859310907206603,0.007852734994421334,0.11244857036804026,0.349146602175963,-0.7175633148168388,0.29604468950985674,-0.018287181796708508,0.1752956131935005,0.21057413665267213,0.634345331241653,0.6345654530034648,0.824424753556483,0.9059111572283332,-0.24889669922413188,0.6222953744396148,0.10341860007319947,0.5832840709555087,0.21336680137983924,0.1208899176883344,0.21027998733023018,0.29682344903731983,-0.784622423052073,0.22163273546369863,-0.20351668800592496,-0.08387742894922162,0.22094732519493052,0.8839993459775783,0.8830074029414534,0.9999999999999997,0.9965753482022712,-0.032351776070865826,0.8546420233557284,0.17034918740357058,0.6825196087391757,0.24859310907206786,0.007852734994414842,0.11244857036804047,0.3491466021759627,-0.717563314816839,0.2960446895098572,-0.018287181796708685,0.1752956131935011,0.2105741366526707
%real_gdp_per_capita,-0.08088498762150087,-0.08076141665549685,-0.07531973671064646,-0.06830947537327564,0.062122752402973144,-0.08136959573266732,-0.0913769513277205,-0.08071115114001091,-0.08016197499541317,-0.08981472811016852,-0.11096315030227509,-0.02983187094273704,-0.11854817319981759,-0.05891495544376311,-0.11796343802613789,-0.0790768851369511,-0.03808949923810381,0.8841680436167378,0.8830416076920596,0.9965753482022709,1.0,-0.03340638398954322,0.8531264220052882,0.15527576142268254,0.6868873824994178,0.23260578610289476,0.016892327229243668,0.11644761454678532,0.3456093603667299,-0.7155932283195537,0.29614718771104376,-0.011933489785707806,0.1708973267818099,0.21267137811959516,0.6583883235209007,0.6579452335209658,0.8369569493019289,0.9158367135013734,-0.2604289245882955,0.6455427057983486,0.10119932217109484,0.6069579391205937,0.2512769904613706,0.15294074597314167,0.21474245012077117,0.2934712683923456,-0.7879623081685887,0.2422089471387285,-0.19973835021711345,-0.06786555014464693,0.24597359258694232,0.8841680436167374,0.8830416076920682,0.9965753482022696,0.9999999999999992,-0.03340638398954323,0.8531264220052923,0.15527576142268265,0.6868873824994222,0.23260578610289528,0.016892327229239185,0.1164476145467854,0.34560936036672957,-0.715593228319554,0.29614718771104387,-0.011933489785707888,0.17089732678181016,0.21267137811959416
%net_exports,-0.06821953878580132,-0.06807096375755378,-0.07186094809170238,-0.07377605854949376,0.06424899812112304,-0.06814163089749678,-0.07238242155560358,-0.06750071610675305,-0.06275078819936265,-0.07439723942341157,-0.06295277868902617,0.02489870507727498,0.032004904999982244,-0.05928858151928909,-0.05110011783382186,-0.059555026197235565,-0.058176744427358706,0.021483516094962678,0.01533159652296941,-0.032351776070865826,-0.03340638398954322,1.0,0.05888586419037091,0.03972470774249876,0.0903923470309079,0.04505767178589272,0.06319730590621521,-0.027340907777997272,-0.05435076432374272,0.0600654315397967,-0.02105276737671079,0.006560795516711519,-0.18323187228598317,0.09932983095391104,-0.02763415714031864,-0.02767243805918959,-0.04165071995020852,-0.04118279101721805,0.036339696913924226,-0.022991096089010364,0.03289620167167944,-0.019584112797479267,-0.040419555613494244,-0.009481441214175506,-0.008483823009276659,-0.12480257808114006,0.11093011326960023,-0.01769353513549027,-0.004881948477421808,-0.03192328031757992,-0.00986963173257592,0.021483516094961914,0.015331596522966269,-0.032351776070864764,-0.03340638398954186,1.0,0.058885864190370646,0.039724707742498,0.09039234703090418,0.04505767178589311,0.06319730590621478,-0.027340907777998018,-0.054350764323742924,0.06006543153979678,-0.021052767376710652,0.00656079551671133,-0.18323187228598323,0.09932983095391057
%gni,-0.27758170267890614,-0.2771629499755163,-0.2552470796273785,-0.23536657742151432,0.24677191353986277,-0.2778662841700348,-0.26859347036408765,-0.27830366046519345,-0.27615848295898404,-0.28080066693693967,-0.2611070614471348,0.2613463963572616,-0.10350169551756569,-0.2548299390888982,-0.29086836372148683,-0.2722088932871297,-0.23534010882294373,0.974898445321879,0.9697267866626293,0.8546420233557259,0.8531264220052882,0.05888586419037091,1.0,0.19150296726940508,0.7681868892528054,0.2926832855347229,0.38754266308812574,0.17982985045848784,0.32598509621546956,-0.6538543207403009,0.17123380362694823,-0.025384067248261286,0.08930166971286482,0.1543100031176938,0.5679054168784798,0.5670545343710345,0.711686604057013,0.7865521681374322,-0.06363157148606995,0.5828300445524648,0.0807968472098047,0.5139168182310477,0.1304538862093938,0.23735404862257253,0.18861617856910168,0.316775232016447,-0.6771726889037651,0.13590973351528188,-0.19257559755884468,-0.10982367560196708,0.1483842417921072,0.9748984453218787,0.9697267866626281,0.8546420233557231,0.8531264220052898,0.0588858641903709,0.9999999999999997,0.19150296726940647,0.7681868892528001,0.2926832855347269,0.38754266308811797,0.179829850458486,0.32598509621546845,-0.6538543207403013,0.17123380362694882,-0.02538406724826162,0.0893016697128655,0.15431000311769263
%govt_spending,-0.17866427721030056,-0.17877198528149718,-0.20784392956969885,-0.21646981879478763,0.14296630781784828,-0.1794988496771791,-0.23632050598383073,-0.177647970433269,-0.15999434615730146,-0.19487934691664244,-0.19327214406228763,-0.022323532937847015,-0.2285209665359634,-0.13810460965245128,-0.14731968384573066,-0.1338206766972069,-0.13944571111031148,0.1740917137642147,0.17116576834516245,0.17034918740356988,0.15527576142268254,0.03972470774249876,0.19150296726940508,1.0,-0.03253285443702536,0.13050702991130964,0.08847091540395087,-0.046671207613287746,-0.03909647604769305,-0.05694602719194683,-0.009426415721233075,-0.002490528385585534,0.0003881497221169507,-0.01941945359142954,-0.09039471062705502,-0.08924636519129496,-0.013816023308006102,0.03825386263253684,0.05551908040523435,-0.08543903853289109,0.8482453239048745,-0.09954859224179069,-0.12521467847344211,-0.11354404273680771,-0.07243231860529543,-0.026874728492191562,-0.03012221688338766,-0.10525220111048728,0.03565204776836125,-0.06676372225121543,-0.07397557497586939,0.17409171376420868,0.17116576834515465,0.17034918740357002,0.15527576142268945,0.03972470774249874,0.19150296726939686,0.9999999999999991,-0.03253285443703457,0.13050702991131344,0.0884709154039468,-0.046671207613288135,-0.039096476047693736,-0.056946027191946906,-0.009426415721231303,-0.0024905283855856087,0.0003881497221175226,-0.019419453591431848
%consumer_spending,-0.24383631977827014,-0.24362046892936334,-0.21020782647891756,-0.18500005080768855,0.2075936566891333,-0.2444631051445347,-0.20793985966010486,-0.24457048703430886,-0.2408173420020215,-0.23656020407228384,-0.24056861368213076,0.3070395141046219,-0.047343355017267365,-0.20833847582213041,-0.2855946040096258,-0.230787219747274,-0.18442838896899474,0.8172831866478885,0.8185596025854885,0.6825196087391743,0.6868873824994178,0.0903923470309079,0.7681868892528054,-0.03253285443702536,1.0,0.2575891069413551,0.444364166736288,0.3258824083872482,0.3089300507837014,-0.6306687544766437,0.16848091969931495,-0.051126948509623564,0.018989264885566213,0.15573502391404453,0.6435884910577699,0.6458171308359297,0.7164124726683282,0.7424981887220359,-0.31825576895279983,0.6207462254404968,-0.0772011537731545,0.6695810613999896,0.19514204969422713,0.38046142154693574,0.355285310353135,0.22437408062644856,-0.6701136422450681,0.21870684247125607,-0.23696472680989517,-0.13515237828355203,0.22476344056891986,0.8172831866478903,0.8185596025854874,0.6825196087391706,0.6868873824994168,0.09039234703090787,0.7681868892528048,-0.03253285443702401,0.9999999999999996,0.2575891069413584,0.4443641667362819,0.3258824083872467,0.30893005078370067,-0.6306687544766437,0.16848091969931503,-0.051126948509623966,0.018989264885566938,0.1557350239140438
%private_domestic_investment,-0.26900517963131154,-0.2683207444875028,-0.2954245569105944,-0.29930102290701416,0.24626098442792646,-0.26898893178973154,-0.33616285441361393,-0.2690595647284608,-0.23722330737976266,-0.2938756654080787,-0.24558643125598126,0.21749682525221628,-0.24881748075629173,-0.20464373010648448,-0.26251298539202605,-0.21831680330165507,-0.19024954363132637,0.31938850366632743,0.3135120256813741,0.24859310907206603,0.23260578610289476,0.04505767178589272,0.2926832855347229,0.13050702991130964,0.2575891069413551,1.0,0.20142124302051617,0.18042986317374562,0.23338259505102887,-0.22111533007882864,0.11848618856566762,-0.12427970101289545,0.1312644504408896,0.09126661453376314,0.1056491421368791,0.10274306219280668,0.16158939404387326,0.20079146146073792,-0.10462112307547013,0.093439727844452,0.03755622811158825,0.09069598186053524,0.29069386741252107,0.09269445385154533,0.1555307550154439,0.2596254202143355,-0.23517988903212556,0.10544510713757405,-0.09428409536823772,0.031952451738712875,0.10285376531478199,0.3193885036663228,0.313512025681364,0.2485931090720668,0.2326057861028994,0.04505767178589274,0.29268328553471346,0.13050702991131358,0.257589106941343,1.000000000000001,0.20142124302051045,0.18042986317374496,0.2333825950510281,-0.22111533007882864,0.11848618856566893,-0.12427970101289565,0.13126445044089113,0.09126661453376034
%cpi,-0.2505188174195988,-0.2500956675793482,-0.1922961132401491,-0.15305411879033548,0.2315533168072163,-0.2504127257010465,-0.17937921747669816,-0.2543778869699422,-0.25698771879299775,-0.21936196559574817,-0.1870034525185639,0.620985967381389,0.04476182935083309,-0.24628287914386568,-0.2834833378725355,-0.25546669467073024,-0.236228889732945,0.4121719341929032,0.4153760723223665,0.007852734994421334,0.016892327229243668,0.06319730590621521,0.38754266308812574,0.08847091540395087,0.444364166736288,0.20142124302051617,1.0,0.5355627066323528,0.19003226528240894,-0.09344382751511374,-0.07687854275319575,-0.03138432398000599,-0.11270424924867588,-0.0764571853026504,0.12811738178560522,0.13273275459227601,0.08274386644945841,0.07988998272029726,-0.16712525262292016,0.10680972271295179,0.0022540581866086497,0.14115479524753438,0.004958183870722154,0.6493137826804531,0.3985239793054242,0.27834305285812133,-0.0670367073901886,0.03196062132156993,-0.13799740038669905,-0.08308314445307666,0.029500940298472958,0.41217193419290515,0.41537607232235785,0.007852734994413503,0.016892327229242585,0.06319730590621517,0.38754266308812413,0.08847091540395068,0.4443641667362803,0.2014212430205192,1.0,0.5355627066323488,0.19003226528240783,-0.09344382751511383,-0.07687854275319622,-0.03138432398000636,-0.11270424924867573,-0.07645718530264903
%consumer_oil_price,-0.021555734110523684,-0.021282165897667037,0.0020069450458396073,0.015525242813248007,-0.06660513663114756,-0.025098876280761115,-0.0004663568345580915,-0.019740998221680073,-0.030272878499226944,-0.02123824875892141,0.015985373579240486,0.17469919332459644,-0.09410072632920415,-0.008740444089965502,-0.061077990032541,-0.024177210722069898,0.002444383855942592,0.25182821556081725,0.2709194099568508,0.11244857036804026,0.11644761454678532,-0.027340907777997272,0.17982985045848784,-0.046671207613287746,0.3258824083872482,0.18042986317374562,0.5355627066323528,1.0,0.38428829773363465,-0.20034578268595626,0.0681941348601449,-0.11036464906429914,0.03926330896368038,-0.026240944297137185,0.2543493169805619,0.26423149893294806,0.19760015452058283,0.18066022745969398,-0.41378166707944614,0.1988048935115113,-0.12029001350103798,0.29939637031052185,0.19189955973893708,0.6132641318297232,0.8321659492837613,0.31180297586317135,-0.1982985228958522,0.19843169988193365,-0.2391867602322154,0.058058496117529,0.14148883514067392,0.2518282155608159,0.2709194099568531,0.11244857036803811,0.1164476145467842,-0.02734090777799725,0.1798298504584915,-0.04667120761328997,0.3258824083872509,0.18042986317374463,0.5355627066323565,1.0,0.3842882977336343,-0.20034578268595618,0.06819413486014447,-0.11036464906429914,0.039263308963680355,-0.026240944297137078
%ir,-0.05638104679009327,-0.05598252876365405,-0.05144109328987134,-0.048880730911793555,0.016235700294446972,-0.05783002790601765,-0.07510781809883081,-0.054500025289923405,-0.07561844023786152,-0.069545022245777,-0.06778471445709398,0.05174794797219853,-0.2139618887552562,-0.07010005963944929,-0.11658592640790699,-0.09196947379043358,-0.060535780997371565,0.3637877952262116,0.36203917375388694,0.349146602175963,0.3456093603667299,-0.05435076432374272,0.32598509621546956,-0.03909647604769305,0.3089300507837014,0.23338259505102887,0.19003226528240894,0.38428829773363465,1.0,-0.44815179197024785,0.18994306378945552,-0.15220897688107982,0.04892421988021677,0.0211534898042274,0.3362658422122362,0.3335585168737855,0.37535158904114435,0.3824594695257232,-0.2595943195723806,0.3092601338989038,-0.13525429336552294,0.30692282314678543,0.16054121896292223,0.23808035214040854,0.35277669407497314,0.7420668008433813,-0.4415311776008956,0.2605087431130971,-0.30013262752027103,-0.05456053370305033,0.09533102817569321,0.36378779522620935,0.36203917375388994,0.34914660217596427,0.345609360366731,-0.05435076432374274,0.3259850962154715,-0.03909647604769392,0.30893005078370317,0.2333825950510287,0.19003226528240744,0.3842882977336349,1.0000000000000002,-0.4481517919702476,0.1899430637894556,-0.15220897688107976,0.04892421988021702,0.021153489804226436
%unemployment_rate,0.03662936553519478,0.03623230307605881,0.02234457795792433,0.010913245396640195,-0.013454824902363799,0.037451396001799364,0.042407825038296085,0.035396169731321286,0.06796514553817438,0.03554578393452829,0.015949140660540654,-0.019525505115622028,0.2543029280330731,0.06611575329110092,0.10212947832575253,0.09338277301997157,0.059146392522472106,-0.6712979699497014,-0.6746748844936985,-0.7175633148168388,-0.7155932283195537,0.0600654315397967,-0.6538543207403009,-0.05694602719194683,-0.6306687544766437,-0.22111533007882864,-0.09344382751511374,-0.20034578268595626,-0.44815179197024785,1.0,-0.21429049174710327,0.1663709514134025,-0.11450671727922111,-0.05369976208299627,-0.7421793102178448,-0.7417158107454294,-0.806781441115775,-0.8026810705982351,0.1560707033455032,-0.7499074654144251,0.03567576054070359,-0.7050336898234786,-0.2945043045870983,-0.2244490286817235,-0.26633121419769423,-0.2964663042380694,0.9482011966675683,-0.33240639972840486,0.37565057769335547,0.08580088710214025,-0.06330671196698474,-0.6712979699497015,-0.6746748844937044,-0.7175633148168367,-0.7155932283195544,0.060065431539796696,-0.6538543207403069,-0.056946027191946864,-0.6306687544766506,-0.22111533007882872,-0.09344382751511149,-0.2003457826859565,-0.4481517919702476,1.0,-0.21429049174710343,0.16637095141340238,-0.11450671727922118,-0.05369976208299598
%Close,0.018872838809693343,0.01906461861836436,0.006254187398427611,0.0029510600279140666,0.013098194859294128,0.02011869663989071,-0.010353848042766817,0.01775728075034825,0.024251037398318923,0.021899607394831523,0.00715047598186985,-0.03583251309396819,0.045221661171372635,0.04561109761636764,-0.05703012375642264,-0.0009187728562349013,0.054522569724286395,0.22407384840650457,0.2181063013150742,0.29604468950985674,0.29614718771104376,-0.02105276737671079,0.17123380362694823,-0.009426415721233075,0.16848091969931495,0.11848618856566762,-0.07687854275319575,0.0681941348601449,0.18994306378945552,-0.21429049174710327,1.0,0.1597293970103049,0.23434919912916172,0.23781058854761392,0.16123141003321687,0.15832012014495728,0.21099240245698098,0.2451628038525083,-0.2798935016920747,0.12317955310602886,-0.08244152168856946,0.14733238140938984,0.1584805846587617,0.07777655635666582,0.16253743849163602,0.10968879456636453,-0.2497028304975269,0.6238138892619199,-0.2634829063229286,0.12389881984483446,0.13427060764448026,0.22407384840650477,0.2181063013150765,0.29604468950985774,0.2961471877110434,-0.021052767376710784,0.1712338036269485,-0.00942641572123076,0.1684809196993189,0.11848618856566785,-0.07687854275319575,0.06819413486014558,0.18994306378945558,-0.21429049174710338,0.9999999999999998,0.15972939701030495,0.23434919912916208,0.23781058854761392
%Volume,-0.048824087447360304,-0.049424279742169654,-0.037882453950698156,-0.03174779580661337,0.03403771222046376,-0.0492586945485053,-0.026931352169390757,-0.05057979697500236,-0.048557342451379756,-0.03751636571491721,-0.05122673960862402,0.0693584863957634,0.09079621372045575,-0.041046412831201945,-0.024653156142277262,-0.027495467440326382,-0.0434432798509454,-0.0225634381034313,-0.03006267788289978,-0.018287181796708508,-0.011933489785707806,0.006560795516711519,-0.025384067248261286,-0.002490528385585534,-0.051126948509623564,-0.12427970101289545,-0.03138432398000599,-0.11036464906429914,-0.15220897688107982,0.1663709514134025,0.1597293970103049,1.0,-0.07432776371828377,0.05131172128669135,-0.1352253968410667,-0.14106467135507614,-0.10647259152587073,-0.08133314802491474,0.06974869938442921,-0.1299608951879382,0.05912098812090018,-0.14017805034506162,-0.08376560942955286,-0.09881515134432714,-0.15296869191484438,-0.08598980416858766,0.16071497028680823,-0.1915884065998555,0.423533727373791,0.029896089621651974,-0.04790454685957045,-0.02256343810343005,-0.030062677882901536,-0.01828718179671045,-0.01193348978570969,0.006560795516711502,-0.025384067248263645,-0.002490528385584992,-0.051126948509626235,-0.12427970101289375,-0.03138432398000642,-0.11036464906429945,-0.15220897688107998,0.16637095141340263,0.15972939701030514,0.9999999999999999,-0.07432776371828347,0.05131172128669117
%ClosePrev,0.009268400913014306,0.009421684932571069,-0.0012646024644289643,-0.002549586244692502,0.01650418708716427,0.010293711335402677,-0.0214223559608849,0.007078154751067636,0.013979528846268163,0.012574966544546795,0.006846015506296813,-0.012658959199679274,-0.020263948381125572,0.03989081488725897,-0.06531364270623845,0.03164871268208887,0.04375720413475498,0.11246562584159435,0.11700786655052613,0.1752956131935005,0.1708973267818099,-0.18323187228598317,0.08930166971286482,0.0003881497221169507,0.018989264885566213,0.1312644504408896,-0.11270424924867588,0.03926330896368038,0.04892421988021677,-0.11450671727922111,0.23434919912916172,-0.07432776371828377,1.0,0.03521453726768049,0.020706279375090383,0.018448132065668577,0.06460870967697184,0.09929853705440633,-0.06492296255163343,0.011139167181996564,-0.06302163720140119,-0.01095641889908378,0.07998839266415225,-0.03917259487073833,0.07090637152182186,0.12544399357652222,-0.1520147904335988,0.1218598465078788,0.002678506413210638,0.6317560674907478,0.06649114022118442,0.11246562584159465,0.11700786655052696,0.17529561319350148,0.17089732678180952,-0.18323187228598317,0.08930166971286355,0.0003881497221191093,0.018989264885567774,0.13126445044088988,-0.11270424924867568,0.039263308963681035,0.04892421988021675,-0.11450671727922124,0.234349199129162,-0.07432776371828345,0.9999999999999998,0.035214537267680285
%CloseNext,0.025642173183593377,0.025816792950790285,0.009369970350958998,0.0024757967686032836,0.030954016640073308,0.027875061168390936,-0.0006863727294401521,0.024800119324523744,0.03469012036109944,0.02986603436055682,-0.0020118797683917186,-0.060167474414998666,0.14994391855120087,0.017408467277781097,-0.0052022016507665015,0.007169017721467912,0.06387493452229698,0.1490544798682063,0.1527980693667345,0.21057413665267213,0.21267137811959516,0.09932983095391104,0.1543100031176938,-0.01941945359142954,0.15573502391404453,0.09126661453376314,-0.0764571853026504,-0.026240944297137185,0.0211534898042274,-0.05369976208299627,0.23781058854761392,0.05131172128669135,0.03521453726768049,1.0,0.1535073650473127,0.15771929743241742,0.1899713349158338,0.2070377572114809,-0.13174592182092307,0.1390407164799743,-0.05925851190619954,0.15753045651682562,0.1926270728215978,0.09203705505489672,0.14096486030405767,-0.07358802248965572,-0.07765404152696317,0.1399099561035732,-0.14391256122915952,0.05151560914361517,0.6098129260926648,0.14905447986820664,0.15279806936673607,0.2105741366526731,0.21267137811959472,0.09932983095391106,0.15431000311769422,-0.01941945359142705,0.15573502391404878,0.09126661453376383,-0.07645718530265025,-0.026240944297136554,0.021153489804227512,-0.0536997620829964,0.23781058854761383,0.0513117212866916,0.035214537267680666,0.9999999999999994
DIFF_gdp,0.32653516653227,0.3265941685074261,0.3332711355249468,0.33652263276952543,-0.3315881556109838,0.32517460095690154,0.3060346778537711,0.32685208152153505,0.3126688854147661,0.3199485527169316,0.29228793828803046,-0.06503941279321736,-0.09061615273316137,0.3183019487024588,0.22265594249596948,0.2936446248385552,0.34060393589284865,0.5925576320074214,0.5990637939746996,0.634345331241653,0.6583883235209007,-0.02763415714031864,0.5679054168784798,-0.09039471062705502,0.6435884910577699,0.1056491421368791,0.12811738178560522,0.2543493169805619,0.3362658422122362,-0.7421793102178448,0.16123141003321687,-0.1352253968410667,0.020706279375090383,0.1535073650473127,1.0,0.9975351760376574,0.9445119215118194,0.8851200904283885,-0.3462450624440627,0.9884536002823138,-0.10180677917849477,0.9750099402584016,0.5884014804191863,0.4980198052095517,0.3700566727319882,0.1988207159022718,-0.7993634390133518,0.4356110126252493,-0.255844670139138,0.0019119780622730378,0.41966954808708645,0.5925576320074211,0.5990637939747202,0.6343453312416497,0.6583883235208972,-0.027634157140318624,0.5679054168784986,-0.09039471062705902,0.6435884910577947,0.10564914213687254,0.12811738178561796,0.2543493169805626,0.3362658422122369,-0.742179310217845,0.1612314100332152,-0.13522539684106627,0.020706279375089492,0.15350736504731546
DIFF_gnp,0.3202279657700883,0.3203590487075422,0.3272453416873209,0.33051590310988865,-0.326129421437897,0.3188548413688789,0.3011635640894339,0.32069392575299194,0.30555212767827167,0.31387474976079843,0.2871675100513394,-0.06434206134622869,-0.08820216510439814,0.3097037165935588,0.22130643703361808,0.28503235412200884,0.33229067381972166,0.5921311105890339,0.6040103368781031,0.6345654530034648,0.6579452335209658,-0.02767243805918959,0.5670545343710345,-0.08924636519129496,0.6458171308359297,0.10274306219280668,0.13273275459227601,0.26423149893294806,0.3335585168737855,-0.7417158107454294,0.15832012014495728,-0.14106467135507614,0.018448132065668577,0.15771929743241742,0.9975351760376574,1.0,0.9442611116374447,0.8846296956131897,-0.34878869964871145,0.9854685601038985,-0.10119574911731448,0.9745432743142138,0.5779235995479487,0.5024679259498953,0.384574447681136,0.19662445550541255,-0.7987078945967463,0.432723813933726,-0.26927121639247403,-0.008681518679370467,0.41984299616404414,0.5921311105890337,0.6040103368781236,0.6345654530034613,0.6579452335209625,-0.02767243805918958,0.5670545343710531,-0.08924636519129889,0.6458171308359544,0.1027430621928003,0.13273275459228853,0.26423149893294884,0.33355851687378607,-0.7417158107454296,0.1583201201449557,-0.14106467135507575,0.01844813206566769,0.1577192974324202
DIFF_real_gdp,0.1290215576842679,0.12897153367704886,0.1429925770616134,0.15231173280504007,-0.13461212338144124,0.12833642205650014,0.12550540366251567,0.1286927610999177,0.11225204552794973,0.12994954220279706,0.09037389367559658,-0.0402141087488567,-0.12308178257515238,0.12178271797762041,0.044364126051913116,0.09737416700462534,0.1456042151892929,0.7422274908837934,0.7479331892996831,0.824424753556483,0.8369569493019289,-0.04165071995020852,0.711686604057013,-0.013816023308006102,0.7164124726683282,0.16158939404387326,0.08274386644945841,0.19760015452058283,0.37535158904114435,-0.806781441115775,0.21099240245698098,-0.10647259152587073,0.06460870967697184,0.1899713349158338,0.9445119215118194,0.9442611116374447,1.0,0.9844964692270187,-0.3386461533680118,0.931730450520833,-0.033433875880182956,0.8998917805666405,0.4558168960527827,0.35151205662947227,0.31724749442897693,0.2506036999157257,-0.8676060290293598,0.3621842997731748,-0.26574515677909283,-0.06866967826979863,0.3588644051539608,0.7422274908837933,0.7479331892996979,0.8244247535564805,0.8369569493019264,-0.04165071995020851,0.7116866040570257,-0.013816023308008154,0.7164124726683443,0.16158939404387032,0.08274386644946304,0.19760015452058338,0.3753515890411447,-0.8067814411157751,0.2109924024569803,-0.10647259152587046,0.06460870967697155,0.18997133491583496
DIFF_real_gdp_per_capita,0.04375732000109359,0.04380003290922968,0.05525976064612309,0.06453954855288768,-0.05468244291815417,0.04315428696109561,0.037623460676624726,0.0435313966967614,0.034527456369985284,0.04065297222973417,0.005928860674251144,-0.022933570858317574,-0.12782067465323058,0.050515333122539766,-0.02853464266473895,0.02587799132840376,0.07519086572776765,0.8192733177897624,0.8227681267114082,0.9059111572283332,0.9158367135013734,-0.04118279101721805,0.7865521681374322,0.03825386263253684,0.7424981887220359,0.20079146146073792,0.07988998272029726,0.18066022745969398,0.3824594695257232,-0.8026810705982351,0.2451628038525083,-0.08133314802491474,0.09929853705440633,0.2070377572114809,0.8851200904283885,0.8846296956131897,0.9844964692270187,1.0,-0.3290312184022192,0.8712559279629672,0.008056417701164258,0.8358337159234959,0.40183586658440223,0.30045814498634915,0.2989786610887689,0.2785888074228616,-0.8698212065749992,0.3397214051917478,-0.2599042592988067,-0.0683723712583387,0.34074333465108625,0.8192733177897634,0.8227681267114207,0.9059111572283314,0.9158367135013713,-0.041182791017218064,0.7865521681374416,0.03825386263253564,0.7424981887220476,0.20079146146073654,0.07988998272029829,0.1806602274596943,0.3824594695257233,-0.8026810705982355,0.245162803852508,-0.08133314802491465,0.09929853705440639,0.20703775721148118
DIFF_net_exports,-0.10837842931509713,-0.10824933739702439,-0.10968118854434053,-0.10913404130474155,0.15741199643560297,-0.10598272930641339,-0.09586890835687988,-0.10828654913446355,-0.12561043759393464,-0.10594488105677095,-0.04459298068751092,0.047886019255504626,-0.02106080877650748,-0.17276819849870523,-0.008770519359075933,-0.14538359773323636,-0.19082649507955302,-0.2266770610106489,-0.23325272651544757,-0.24889669922413188,-0.2604289245882955,0.036339696913924226,-0.06363157148606995,0.05551908040523435,-0.31825576895279983,-0.10462112307547013,-0.16712525262292016,-0.41378166707944614,-0.2595943195723806,0.1560707033455032,-0.2798935016920747,0.06974869938442921,-0.06492296255163343,-0.13174592182092307,-0.3462450624440627,-0.34878869964871145,-0.3386461533680118,-0.3290312184022192,1.0,-0.2000959631186915,0.10548463864940096,-0.39458983784981494,-0.3020967847951802,-0.40628270505704694,-0.5297479140020322,-0.16235198395644945,0.2961654569542349,-0.4192489573145006,0.20188145865012558,-0.04338061733160691,-0.3050030236716515,-0.22667706101064708,-0.23325272651545628,-0.24889669922413313,-0.2604289245882927,0.036339696913924205,-0.06363157148607378,0.05551908040523606,-0.3182557689528092,-0.10462112307546725,-0.1671252526229256,-0.4137816670794468,-0.259594319572381,0.15607070334550327,-0.27989350169207394,0.06974869938442915,-0.06492296255163349,-0.1317459218209235
DIFF_gni,0.32352119450817,0.3236036650397657,0.3303456724105016,0.3338298341780948,-0.32087878980624707,0.32248719110090796,0.3041314205074545,0.3238670132748323,0.3062563478524303,0.31703533855222016,0.2980564441877823,-0.060191393690460025,-0.09803906883829164,0.30452272929578145,0.2311202222348314,0.2831941922608729,0.3248977396280259,0.5822420478105043,0.5879748697650589,0.6222953744396148,0.6455427057983486,-0.022991096089010364,0.5828300445524648,-0.08543903853289109,0.6207462254404968,0.093439727844452,0.10680972271295179,0.1988048935115113,0.3092601338989038,-0.7499074654144251,0.12317955310602886,-0.1299608951879382,0.011139167181996564,0.1390407164799743,0.9884536002823138,0.9854685601038985,0.931730450520833,0.8712559279629672,-0.2000959631186915,1.0,-0.08928738133347852,0.9545461704345818,0.5657200801770159,0.45449998489874205,0.3009167884387752,0.18142162432558442,-0.7870019335861158,0.38722742777535474,-0.23459155888745425,-0.005009771705763225,0.3890308987187832,0.5822420478105045,0.5879748697650792,0.622295374439611,0.6455427057983456,-0.022991096089010343,0.5828300445524839,-0.085439038532895,0.6207462254405212,0.09343972784444564,0.10680972271296425,0.19880489351151187,0.3092601338989045,-0.7499074654144253,0.1231795531060273,-0.12996089518793782,0.011139167181995651,0.13904071647997704
DIFF_govt_spending,-0.05638738340952828,-0.057388769021790104,-0.056781600085998425,-0.050460193613063566,0.033578615085792046,-0.05712462442894741,-0.061153626953901905,-0.05908648823991841,-0.04708575812078786,-0.05362086119508627,-0.11697585565129259,0.05763150715047871,-0.21284513329461988,-0.019463102903091486,-0.07697587139490132,-0.006569472046937776,-0.025716087353394448,0.06802223127317349,0.06551618540621001,0.10341860007319947,0.10119932217109484,0.03289620167167944,0.0807968472098047,0.8482453239048745,-0.0772011537731545,0.03755622811158825,0.0022540581866086497,-0.12029001350103798,-0.13525429336552294,0.03567576054070359,-0.08244152168856946,0.05912098812090018,-0.06302163720140119,-0.05925851190619954,-0.10180677917849477,-0.10119574911731448,-0.033433875880182956,0.008056417701164258,0.10548463864940096,-0.08928738133347852,1.0,-0.1207818846807473,-0.11152518739113795,-0.10038233310374022,-0.1525274927637113,-0.10266176622864288,0.0746942226175719,-0.1752984887110773,0.11669740821780306,-0.07995889500524772,-0.08907663334195637,0.06802223127317196,0.06551618540620754,0.10341860007319635,0.10119932217109681,0.03289620167167943,0.08079684720980104,0.8482453239048738,-0.07720115377315676,0.037556228111589804,0.002254058186609562,-0.12029001350103806,-0.13525429336552333,0.03567576054070349,-0.08244152168856833,0.0591209881209003,-0.06302163720140071,-0.059258511906200205
DIFF_consumer_spending,0.31915379501588476,0.3191234240548221,0.32269912243521987,0.32454781219578566,-0.3320351913836275,0.3174979167648624,0.29711391547738353,0.3204833531384895,0.3120664793605103,0.3105161695567054,0.28026454749486956,-0.0743166709135375,-0.08366503308283207,0.32378499021835755,0.22612919712670154,0.29940255848001945,0.34761970517034657,0.5466274167933788,0.5555719951325842,0.5832840709555087,0.6069579391205937,-0.019584112797479267,0.5139168182310477,-0.09954859224179069,0.6695810613999896,0.09069598186053524,0.14115479524753438,0.29939637031052185,0.30692282314678543,-0.7050336898234786,0.14733238140938984,-0.14017805034506162,-0.01095641889908378,0.15753045651682562,0.9750099402584016,0.9745432743142138,0.8998917805666405,0.8358337159234959,-0.39458983784981494,0.9545461704345818,-0.1207818846807473,1.0,0.5747923783977441,0.5302946430969308,0.42209866890379955,0.153711264539313,-0.7645083846008099,0.433979870330832,-0.25093615416881665,-0.026575326153809333,0.441795768986704,0.5466274167933786,0.5555719951326041,0.5832840709555056,0.6069579391205906,-0.019584112797479257,0.5139168182310655,-0.09954859224179445,0.669581061400014,0.09069598186052887,0.1411547952475469,0.2993963703105227,0.30692282314678615,-0.7050336898234787,0.1473323814093883,-0.14017805034506126,-0.01095641889908466,0.15753045651682832
DIFF_private_domestic_investment,0.5930281687022239,0.5934539878883586,0.5612495484574707,0.5394275790782828,-0.5376885582119393,0.5932058049367013,0.4961100762865598,0.592429006879734,0.6264429156126017,0.5475498974014914,0.5214838811956138,-0.15815302554429045,-0.07992652075229095,0.6469985652146643,0.4676874811895307,0.6277434492347522,0.6639705601566305,0.15546980478034883,0.15396078086752052,0.21336680137983924,0.2512769904613706,-0.040419555613494244,0.1304538862093938,-0.12521467847344211,0.19514204969422713,0.29069386741252107,0.004958183870722154,0.19189955973893708,0.16054121896292223,-0.2945043045870983,0.1584805846587617,-0.08376560942955286,0.07998839266415225,0.1926270728215978,0.5884014804191863,0.5779235995479487,0.4558168960527827,0.40183586658440223,-0.3020967847951802,0.5657200801770159,-0.11152518739113795,0.5747923783977441,1.0,0.4387558605676482,0.2824729523468348,0.0973629506264749,-0.3737647474906572,0.4824562408594552,-0.11677333347956576,0.2823793251710669,0.48520467514086435,0.15546980478034836,0.15396078086754791,0.2133668013798379,0.25127699046136814,-0.04041955561349423,0.13045388620941684,-0.12521467847344872,0.1951420496942572,0.2906938674125092,0.004958183870745175,0.1918995597389383,0.16054121896292364,-0.2945043045870986,0.15848058465875886,-0.08376560942955255,0.07998839266415035,0.1926270728216019
DIFF_cpi,0.3158802207474268,0.3155656816640047,0.36386770066970886,0.39420416900926025,-0.3233285693731536,0.31445894543886005,0.37316816532998703,0.31218603834016323,0.2897320082936105,0.3594549231348569,0.33973861030236974,0.2902869106085824,0.0959832229349221,0.2842907370157988,0.1705266313196467,0.26758758190874904,0.30135760875149237,0.28688336943254533,0.2969280556618024,0.1208899176883344,0.15294074597314167,-0.009481441214175506,0.23735404862257253,-0.11354404273680771,0.38046142154693574,0.09269445385154533,0.6493137826804531,0.6132641318297232,0.23808035214040854,-0.2244490286817235,0.07777655635666582,-0.09881515134432714,-0.03917259487073833,0.09203705505489672,0.4980198052095517,0.5024679259498953,0.35151205662947227,0.30045814498634915,-0.40628270505704694,0.45449998489874205,-0.10038233310374022,0.5302946430969308,0.4387558605676482,1.0,0.6958919202303443,0.1999628999258987,-0.2377312590949526,0.31961027469031666,-0.21844007323976777,0.06408452516345994,0.3378345774539951,0.28688336943254816,0.29692805566181596,0.12088991768832569,0.15294074597313537,-0.009481441214175485,0.23735404862258916,-0.11354404273681167,0.38046142154695806,0.09269445385153925,0.6493137826804706,0.6132641318297227,0.23808035214040885,-0.22444902868172373,0.07777655635666372,-0.0988151513443266,-0.03917259487073938,0.09203705505490178
DIFF_consumer_oil_price,0.045230229153896774,0.045644204619935014,0.057832393600529323,0.06571604251468884,-0.14163700524016531,0.04111272044313839,0.05841450732911263,0.04818025616601726,0.03479428896896183,0.0467099223722542,0.09034923995485658,0.0692974464186569,-0.06489649904808667,0.05040887921566797,-0.018189650023816895,0.02892419068546843,0.07128025717694739,0.26485849561988034,0.284469872436137,0.21027998733023018,0.21474245012077117,-0.008483823009276659,0.18861617856910168,-0.07243231860529543,0.355285310353135,0.1555307550154439,0.3985239793054242,0.8321659492837613,0.35277669407497314,-0.26633121419769423,0.16253743849163602,-0.15296869191484438,0.07090637152182186,0.14096486030405767,0.3700566727319882,0.384574447681136,0.31724749442897693,0.2989786610887689,-0.5297479140020322,0.3009167884387752,-0.1525274927637113,0.42209866890379955,0.2824729523468348,0.6958919202303443,1.0,0.19645931670278438,-0.27179014709493093,0.2985201927751504,-0.36130902279824145,0.09829612513760251,0.29135896455986876,0.26485849561987984,0.28446987243614186,0.21027998733022876,0.21474245012076934,-0.008483823009276656,0.1886161785691062,-0.07243231860529661,0.35528531035314204,0.15553075501544272,0.3985239793054273,0.832165949283762,0.35277669407497336,-0.2663312141976941,0.16253743849163554,-0.15296869191484422,0.07090637152182178,0.14096486030405803
DIFF_ir,-0.07964622932020615,-0.07937619510907057,-0.07471458866760418,-0.07112792988592896,0.04847709095511262,-0.08064455198424197,-0.1020295272792858,-0.07908661337092243,-0.08816250372761682,-0.1023777950517929,-0.09949767298806791,0.09378172038247201,-0.2573352300483502,-0.07527654652307646,-0.1051678058394798,-0.08909984257155441,-0.06597857504880211,0.35134085704965684,0.3523996437079816,0.29682344903731983,0.2934712683923456,-0.12480257808114006,0.316775232016447,-0.026874728492191562,0.22437408062644856,0.2596254202143355,0.27834305285812133,0.31180297586317135,0.7420668008433813,-0.2964663042380694,0.10968879456636453,-0.08598980416858766,0.12544399357652222,-0.07358802248965572,0.1988207159022718,0.19662445550541255,0.2506036999157257,0.2785888074228616,-0.16235198395644945,0.18142162432558442,-0.10266176622864288,0.153711264539313,0.0973629506264749,0.1999628999258987,0.19645931670278438,1.0,-0.32585848197801237,0.15360455879608587,-0.16503726382123501,0.011860306916364034,0.08975616695936833,0.35134085704965384,0.35239964370798443,0.29682344903732083,0.29347126839234744,-0.12480257808114006,0.31677523201644825,-0.026874728492192537,0.2243740806264479,0.2596254202143356,0.27834305285812017,0.31180297586317085,0.742066800843381,-0.29646630423806936,0.10968879456636443,-0.08598980416858786,0.12544399357652242,-0.0735880224896568
DIFF_unemployment_rate,-0.02059588849395495,-0.021039379893679922,-0.02311785730516847,-0.027893737632491197,0.04038536212505043,-0.01971073990577147,0.00481523106511022,-0.021522729549940684,-0.008239178414746154,-0.011191993246575114,-0.01715871634198193,0.04020045985093642,0.20795041678210055,-0.01830373123925842,0.04277961870727807,0.01031414212056353,-0.031137615524998243,-0.716226781621911,-0.7204261136003527,-0.784622423052073,-0.7879623081685887,0.11093011326960023,-0.6771726889037651,-0.03012221688338766,-0.6701136422450681,-0.23517988903212556,-0.0670367073901886,-0.1982985228958522,-0.4415311776008956,0.9482011966675683,-0.2497028304975269,0.16071497028680823,-0.1520147904335988,-0.07765404152696317,-0.7993634390133518,-0.7987078945967463,-0.8676060290293598,-0.8698212065749992,0.2961654569542349,-0.7870019335861158,0.0746942226175719,-0.7645083846008099,-0.3737647474906572,-0.2377312590949526,-0.27179014709493093,-0.32585848197801237,1.0,-0.38019093078173183,0.33025434562656963,0.07305508744397471,-0.1739574176944427,-0.7162267816219104,-0.7204261136003619,-0.784622423052072,-0.7879623081685887,0.11093011326960026,-0.6771726889037725,-0.030122216883387593,-0.6701136422450775,-0.23517988903212433,-0.06703670739018798,-0.19829852289585256,-0.4415311776008956,0.9482011966675682,-0.24970283049752665,0.16071497028680815,-0.15201479043359897,-0.07765404152696316
DIFF_Close,0.3089932248483567,0.309710020901372,0.2800059849597933,0.2630799841549763,-0.2566610607482716,0.3100504368060872,0.23045416268630872,0.3091220190940415,0.3395447590195128,0.2735806314565514,0.2539848293011504,-0.11452462594183668,-0.07039204932049818,0.3896293965411573,0.1722755537593272,0.32369686057241265,0.3998960685246155,0.18903812170023226,0.18864092045718645,0.22163273546369863,0.2422089471387285,-0.01769353513549027,0.13590973351528188,-0.10525220111048728,0.21870684247125607,0.10544510713757405,0.03196062132156993,0.19843169988193365,0.2605087431130971,-0.33240639972840486,0.6238138892619199,-0.1915884065998555,0.1218598465078788,0.1399099561035732,0.4356110126252493,0.432723813933726,0.3621842997731748,0.3397214051917478,-0.4192489573145006,0.38722742777535474,-0.1752984887110773,0.433979870330832,0.4824562408594552,0.31961027469031666,0.2985201927751504,0.15360455879608587,-0.38019093078173183,1.0,-0.48080634704172565,0.22083779781573948,0.29279146877082585,0.18903812170023185,0.18864092045720246,0.2216327354637005,0.2422089471387272,-0.01769353513549026,0.1359097335152935,-0.10525220111048984,0.21870684247127267,0.10544510713756823,0.03196062132158087,0.1984316998819345,0.26050874311309796,-0.3324063997284051,0.6238138892619177,-0.1915884065998553,0.12185984650787787,0.1399099561035751
DIFF_Volume,0.05788524009128049,0.05676366887146097,0.06095103888940631,0.06226354652113129,-0.08930174639840326,0.05639108396227664,0.06664729735072744,0.05621142874169364,0.05955393706997376,0.06169307380136247,0.04620483528131219,-0.0023514716820097195,0.01821492010194004,0.06337881360964602,0.12753942197190446,0.10193679868225206,0.05232083737428231,-0.21692828133396555,-0.22933812526301398,-0.20351668800592496,-0.19973835021711345,-0.004881948477421808,-0.19257559755884468,0.03565204776836125,-0.23696472680989517,-0.09428409536823772,-0.13799740038669905,-0.2391867602322154,-0.30013262752027103,0.37565057769335547,-0.2634829063229286,0.423533727373791,0.002678506413210638,-0.14391256122915952,-0.255844670139138,-0.26927121639247403,-0.26574515677909283,-0.2599042592988067,0.20188145865012558,-0.23459155888745425,0.11669740821780306,-0.25093615416881665,-0.11677333347956576,-0.21844007323976777,-0.36130902279824145,-0.16503726382123501,0.33025434562656963,-0.48080634704172565,1.0,0.08278197235958575,-0.11745830877363769,-0.21692828133396488,-0.22933812526301314,-0.2035166880059269,-0.19973835021711456,-0.004881948477421804,-0.19257559755884485,0.03565204776836034,-0.23696472680989478,-0.09428409536823858,-0.13799740038669525,-0.23918676023221552,-0.300132627520271,0.37565057769335564,-0.26348290632292837,0.42353372737379114,0.002678506413210606,-0.14391256122915908
DIFF_ClosePrev,0.28155645581824595,0.2820436177675132,0.2573025127320857,0.24250418296763168,-0.22836144536650263,0.2827459803024602,0.2120258743962194,0.27970893885309955,0.3082978283806014,0.2539605590817174,0.24568806307954227,-0.09254362398559533,-0.04289805480886873,0.3565857549234222,0.15646798100737816,0.3494248081102774,0.3630461897473817,-0.10093845835493713,-0.1053043923591439,-0.08387742894922162,-0.06786555014464693,-0.03192328031757992,-0.10982367560196708,-0.06676372225121543,-0.13515237828355203,0.031952451738712875,-0.08308314445307666,0.058058496117529,-0.05456053370305033,0.08580088710214025,0.12389881984483446,0.029896089621651974,0.6317560674907478,0.05151560914361517,0.0019119780622730378,-0.008681518679370467,-0.06866967826979863,-0.0683723712583387,-0.04338061733160691,-0.005009771705763225,-0.07995889500524772,-0.026575326153809333,0.2823793251710669,0.06408452516345994,0.09829612513760251,0.011860306916364034,0.07305508744397471,0.22083779781573948,0.08278197235958575,1.0,0.22988578808087326,-0.10093845835493692,-0.10530439235913261,-0.0838774289492195,-0.06786555014464839,-0.03192328031757993,-0.1098236756019589,-0.06676372225121802,-0.1351523782835413,0.03195245173870772,-0.08308314445306614,0.058058496117529744,-0.05456053370304969,0.0858008871021401,0.12389881984483284,0.029896089621652057,0.6317560674907471,0.051515609143616865
DIFF_CloseNext,0.3278519132111117,0.3283283780817396,0.29242651238317274,0.27081063118486287,-0.2521938729570787,0.32980012372948103,0.25212359464807915,0.3282605438964555,0.3714092659542472,0.29183798088871077,0.24402855608739438,-0.1613668754617173,0.08442145110093119,0.3765725059653679,0.27746918310436025,0.3644473396217837,0.4417771380979398,0.1738630758848796,0.18159296133522,0.22094732519493052,0.24597359258694232,-0.00986963173257592,0.1483842417921072,-0.07397557497586939,0.22476344056891986,0.10285376531478199,0.029500940298472958,0.14148883514067392,0.09533102817569321,-0.06330671196698474,0.13427060764448026,-0.04790454685957045,0.06649114022118442,0.6098129260926648,0.41966954808708645,0.41984299616404414,0.3588644051539608,0.34074333465108625,-0.3050030236716515,0.3890308987187832,-0.08907663334195637,0.441795768986704,0.48520467514086435,0.3378345774539951,0.29135896455986876,0.08975616695936833,-0.1739574176944427,0.29279146877082585,-0.11745830877363769,0.22988578808087326,1.0,0.1738630758848792,0.18159296133523709,0.2209473251949331,0.24597359258694113,-0.009869631732575905,0.14838424179211962,-0.07397557497587236,0.22476344056893738,0.1028537653147759,0.0295009402984846,0.14148883514067478,0.095331028175694,-0.06330671196698494,0.1342706076444784,-0.04790454685957041,0.0664911402211835,0.6098129260926674
LR_gdp,-0.27671167527289253,-0.276316468587179,-0.25207305096742577,-0.2312983475177382,0.23987289697894992,-0.2772468369816994,-0.26541022715769896,-0.27760082878430725,-0.2736376161161724,-0.27807192972711126,-0.2678113919856597,0.26255835933430055,-0.08953593696481488,-0.24456432987297178,-0.30486878836843534,-0.26573157051468754,-0.22343435625562957,1.0,0.9961099888123537,0.8839993459775783,0.8841680436167374,0.021483516094961914,0.9748984453218787,0.17409171376420868,0.8172831866478903,0.3193885036663228,0.41217193419290515,0.2518282155608159,0.36378779522620935,-0.6712979699497015,0.22407384840650477,-0.02256343810343005,0.11246562584159465,0.14905447986820664,0.5925576320074211,0.5921311105890337,0.7422274908837933,0.8192733177897634,-0.22667706101064708,0.5822420478105045,0.06802223127317196,0.5466274167933786,0.15546980478034836,0.28688336943254816,0.26485849561987984,0.35134085704965384,-0.7162267816219104,0.18903812170023185,-0.21692828133396488,-0.10093845835493692,0.1738630758848792,1.0,0.9961099888123539,0.883999345977576,0.884168043616739,0.021483516094961814,0.9748984453218786,0.1740917137642101,0.8172831866478865,0.31938850366632626,0.4121719341928979,0.2518282155608142,0.3637877952262084,-0.6712979699497018,0.22407384840650524,-0.022563438103430453,0.11246562584159536,0.1490544798682052
LR_gnp,-0.273313039625329,-0.27285249508268616,-0.24847811429080355,-0.22783559900030334,0.23568548983594484,-0.2738925846660993,-0.26132963236098694,-0.27403940605748606,-0.27104028551618353,-0.27500034818821806,-0.26490356379003305,0.2582932355975555,-0.09048668505737577,-0.24302328213661625,-0.2984477650531978,-0.26411795293365026,-0.2213460150687365,0.9961099888123534,1.0000000000000007,0.8830074029414534,0.8830416076920682,0.015331596522966269,0.9697267866626281,0.17116576834515465,0.8185596025854874,0.313512025681364,0.41537607232235785,0.2709194099568531,0.36203917375388994,-0.6746748844937044,0.2181063013150765,-0.030062677882901536,0.11700786655052696,0.15279806936673607,0.5990637939747202,0.6040103368781236,0.7479331892996979,0.8227681267114207,-0.23325272651545628,0.5879748697650792,0.06551618540620754,0.5555719951326041,0.15396078086754791,0.29692805566181596,0.28446987243614186,0.35239964370798443,-0.7204261136003619,0.18864092045720246,-0.22933812526301314,-0.10530439235913261,0.18159296133523709,0.9961099888123539,1.0,0.8830074029414502,0.8830416076920684,0.015331596522966038,0.9697267866626283,0.17116576834515576,0.8185596025854833,0.3135120256813682,0.4153760723223511,0.2709194099568512,0.3620391737538887,-0.6746748844937042,0.21810630131507655,-0.030062677882902324,0.11700786655052738,0.15279806936673493
LR_real_gdp,-0.13731965202203145,-0.1372146494264436,-0.1350887269957766,-0.12906388942999356,0.11275131236429946,-0.13784332463262525,-0.15188134170163103,-0.1368042550873343,-0.13635654068838352,-0.14656392665312964,-0.1646561678882712,-0.032444565209134336,-0.1417597558462527,-0.11292363476183505,-0.16664442754365993,-0.1329868190716768,-0.09232169192623624,0.883999345977576,0.8830074029414451,0.9999999999999997,0.9965753482022696,-0.032351776070864764,0.8546420233557231,0.17034918740357002,0.6825196087391706,0.2485931090720668,0.007852734994413503,0.11244857036803811,0.34914660217596427,-0.7175633148168367,0.29604468950985774,-0.01828718179671045,0.17529561319350148,0.2105741366526731,0.6343453312416497,0.6345654530034613,0.8244247535564805,0.9059111572283314,-0.24889669922413313,0.622295374439611,0.10341860007319635,0.5832840709555056,0.2133668013798379,0.12088991768832569,0.21027998733022876,0.29682344903732083,-0.784622423052072,0.2216327354637005,-0.2035166880059269,-0.0838774289492195,0.2209473251949331,0.883999345977576,0.8830074029414502,1.0,0.9965753482022703,-0.0323517760708646,0.854642023355726,0.17034918740357088,0.6825196087391727,0.24859310907206889,0.007852734994407723,0.11244857036803906,0.3491466021759644,-0.7175633148168373,0.29604468950985785,-0.018287181796710787,0.1752956131935021,0.21057413665267155
LR_real_gdp_per_capita,-0.08088498762150666,-0.08076141665550254,-0.0753197367106546,-0.06830947537328488,0.06212275240297891,-0.08136959573267306,-0.09137695132772988,-0.08071115114001651,-0.0801619749954175,-0.08981472811017685,-0.1109631503022798,-0.029831870942743435,-0.11854817319982563,-0.05891495544376728,-0.11796343802613994,-0.07907688513695525,-0.03808949923810795,0.8841680436167377,0.883041607692061,0.9965753482022712,0.9999999999999992,-0.03340638398954186,0.8531264220052898,0.15527576142268945,0.6868873824994168,0.2326057861028994,0.016892327229242585,0.1164476145467842,0.345609360366731,-0.7155932283195544,0.2961471877110434,-0.01193348978570969,0.17089732678180952,0.21267137811959472,0.6583883235208972,0.6579452335209625,0.8369569493019264,0.9158367135013713,-0.2604289245882927,0.6455427057983456,0.10119932217109681,0.6069579391205906,0.25127699046136814,0.15294074597313537,0.21474245012076934,0.29347126839234744,-0.7879623081685887,0.2422089471387272,-0.19973835021711456,-0.06786555014464839,0.24597359258694113,0.884168043616739,0.8830416076920684,0.9965753482022703,1.0,-0.03340638398954217,0.8531264220052943,0.15527576142268867,0.686887382499421,0.23260578610290059,0.016892327229238082,0.11644761454678397,0.345609360366731,-0.7155932283195543,0.2961471877110438,-0.011933489785709631,0.17089732678180994,0.21267137811959352
LR_net_exports,-0.06821953878580128,-0.06807096375755375,-0.07186094809170232,-0.07377605854949368,0.064248998121123,-0.06814163089749674,-0.07238242155560352,-0.06750071610675298,-0.06275078819936261,-0.0743972394234115,-0.06295277868902614,0.024898705077274975,0.03200490499998224,-0.059288581519289035,-0.051100117833821804,-0.059555026197235524,-0.05817674442735865,0.021483516094962674,0.015331596522969402,-0.032351776070865826,-0.03340638398954323,1.0,0.0588858641903709,0.03972470774249874,0.09039234703090787,0.04505767178589274,0.06319730590621517,-0.02734090777799725,-0.05435076432374274,0.060065431539796696,-0.021052767376710784,0.006560795516711502,-0.18323187228598317,0.09932983095391106,-0.027634157140318624,-0.02767243805918958,-0.04165071995020851,-0.041182791017218064,0.036339696913924205,-0.022991096089010343,0.03289620167167943,-0.019584112797479257,-0.04041955561349423,-0.009481441214175485,-0.008483823009276656,-0.12480257808114006,0.11093011326960026,-0.01769353513549026,-0.004881948477421804,-0.03192328031757993,-0.009869631732575905,0.021483516094961814,0.015331596522966038,-0.0323517760708646,-0.03340638398954217,1.0,0.05888586419037063,0.03972470774249798,0.09039234703090414,0.04505767178589313,0.06319730590621477,-0.027340907777998014,-0.05435076432374293,0.060065431539796765,-0.021052767376710666,0.006560795516711328,-0.18323187228598323,0.09932983095391057
LR_gni,-0.27758170267886867,-0.2771629499754789,-0.25524707962734033,-0.23536657742147654,0.24677191353982844,-0.2778662841699973,-0.268593470364051,-0.278303660465156,-0.2761584829589481,-0.28080066693690264,-0.2611070614470985,0.26134639635724904,-0.10350169551755878,-0.25482993908886414,-0.2908683637214527,-0.27220889328709547,-0.23534010882290984,0.9748984453218786,0.96972678666263,0.8546420233557284,0.8531264220052923,0.058885864190370646,0.9999999999999997,0.19150296726939686,0.7681868892528048,0.29268328553471346,0.38754266308812413,0.1798298504584915,0.3259850962154715,-0.6538543207403069,0.1712338036269485,-0.025384067248263645,0.08930166971286355,0.15431000311769422,0.5679054168784986,0.5670545343710531,0.7116866040570257,0.7865521681374416,-0.06363157148607378,0.5828300445524839,0.08079684720980104,0.5139168182310655,0.13045388620941684,0.23735404862258916,0.1886161785691062,0.31677523201644825,-0.6771726889037725,0.1359097335152935,-0.19257559755884485,-0.1098236756019589,0.14838424179211962,0.9748984453218786,0.9697267866626283,0.854642023355726,0.8531264220052943,0.05888586419037063,1.0,0.19150296726939836,0.7681868892527998,0.29268328553471734,0.38754266308811636,0.17982985045848954,0.3259850962154706,-0.6538543207403068,0.17123380362694904,-0.025384067248264208,0.08930166971286464,0.15431000311769283
LR_govt_spending,-0.17866427721031275,-0.17877198528150945,-0.20784392956971168,-0.21646981879480026,0.14296630781785985,-0.17949884967719137,-0.2363205059838427,-0.17764797043328126,-0.15999434615731345,-0.19487934691665412,-0.19327214406229815,-0.0223235329378413,-0.2285209665359625,-0.13810460965246352,-0.14731968384574157,-0.13382067669721923,-0.13944571111032342,0.17409171376421564,0.17116576834516317,0.17034918740357058,0.15527576142268265,0.039724707742498,0.19150296726940647,0.9999999999999991,-0.03253285443702401,0.13050702991131358,0.08847091540395068,-0.04667120761328997,-0.03909647604769392,-0.056946027191946864,-0.00942641572123076,-0.002490528385584992,0.0003881497221191093,-0.01941945359142705,-0.09039471062705902,-0.08924636519129889,-0.013816023308008154,0.03825386263253564,0.05551908040523606,-0.085439038532895,0.8482453239048738,-0.09954859224179445,-0.12521467847344872,-0.11354404273681167,-0.07243231860529661,-0.026874728492192537,-0.030122216883387593,-0.10525220111048984,0.03565204776836034,-0.06676372225121802,-0.07397557497587236,0.1740917137642101,0.17116576834515576,0.17034918740357088,0.15527576142268867,0.03972470774249798,0.19150296726939836,1.0,-0.0325328544370329,0.13050702991131732,0.0884709154039465,-0.04667120761329004,-0.03909647604769433,-0.05694602719194724,-0.009426415721228822,-0.00249052838558526,0.0003881497221198905,-0.019419453591429478
LR_consumer_spending,-0.24383631977822218,-0.24362046892931544,-0.21020782647886835,-0.18500005080763895,0.20759365668908858,-0.24446310514448671,-0.2079398596600558,-0.24457048703426124,-0.24081734200197605,-0.2365602040722349,-0.2405686136820864,0.30703951410460645,-0.047343355017261966,-0.20833847582208764,-0.2855946040095857,-0.23078721974723124,-0.18442838896895186,0.8172831866478839,0.8185596025854844,0.6825196087391757,0.6868873824994222,0.09039234703090418,0.7681868892528001,-0.03253285443703457,0.9999999999999996,0.257589106941343,0.4443641667362803,0.3258824083872509,0.30893005078370317,-0.6306687544766506,0.1684809196993189,-0.051126948509626235,0.018989264885567774,0.15573502391404878,0.6435884910577947,0.6458171308359544,0.7164124726683443,0.7424981887220476,-0.3182557689528092,0.6207462254405212,-0.07720115377315676,0.669581061400014,0.1951420496942572,0.38046142154695806,0.35528531035314204,0.2243740806264479,-0.6701136422450775,0.21870684247127267,-0.23696472680989478,-0.1351523782835413,0.22476344056893738,0.8172831866478865,0.8185596025854833,0.6825196087391727,0.686887382499421,0.09039234703090414,0.7681868892527998,-0.0325328544370329,1.0,0.2575891069413467,0.4443641667362743,0.3258824083872497,0.30893005078370284,-0.6306687544766509,0.16848091969931897,-0.05112694850962679,0.018989264885568492,0.15573502391404812
LR_private_domestic_investment,-0.26900517963132975,-0.26832074448752113,-0.2954245569106123,-0.29930102290703137,0.24626098442794325,-0.26898893178974953,-0.3361628544136306,-0.269059564728479,-0.23722330737978065,-0.29387566540809607,-0.24558643125599852,0.21749682525222366,-0.24881748075629315,-0.20464373010650216,-0.2625129853920426,-0.2183168033016728,-0.1902495436313439,0.3193885036663312,0.31351202568137754,0.24859310907206786,0.23260578610289528,0.04505767178589311,0.2926832855347269,0.13050702991131344,0.2575891069413584,1.000000000000001,0.2014212430205192,0.18042986317374463,0.2333825950510287,-0.22111533007882872,0.11848618856566785,-0.12427970101289375,0.13126445044088988,0.09126661453376383,0.10564914213687254,0.1027430621928003,0.16158939404387032,0.20079146146073654,-0.10462112307546725,0.09343972784444564,0.037556228111589804,0.09069598186052887,0.2906938674125092,0.09269445385153925,0.15553075501544272,0.2596254202143356,-0.23517988903212433,0.10544510713756823,-0.09428409536823858,0.03195245173870772,0.1028537653147759,0.31938850366632626,0.3135120256813682,0.24859310907206889,0.23260578610290059,0.04505767178589313,0.29268328553471734,0.13050702991131732,0.2575891069413467,1.0,0.20142124302051365,0.18042986317374435,0.23338259505102785,-0.22111533007882886,0.1184861885656696,-0.12427970101289393,0.13126445044089133,0.09126661453376106
LR_cpi,-0.25051881741956145,-0.25009566757931084,-0.19229611324011098,-0.15305411879029748,0.23155331680718258,-0.25041272570100914,-0.17937921747666255,-0.25437788696990493,-0.25698771879296145,-0.2193619655957106,-0.18700345251853118,0.6209859673813803,0.044761829350834385,-0.24628287914382915,-0.28348333787250585,-0.2554666946706935,-0.23622888973290873,0.4121719341928958,0.41537607232235924,0.007852734994414842,0.016892327229239185,0.06319730590621478,0.38754266308811797,0.0884709154039468,0.4443641667362819,0.20142124302051045,1.0,0.5355627066323565,0.19003226528240744,-0.09344382751511149,-0.07687854275319575,-0.03138432398000642,-0.11270424924867568,-0.07645718530265025,0.12811738178561796,0.13273275459228853,0.08274386644946304,0.07988998272029829,-0.1671252526229256,0.10680972271296425,0.002254058186609562,0.1411547952475469,0.004958183870745175,0.6493137826804706,0.3985239793054273,0.27834305285812017,-0.06703670739018798,0.03196062132158087,-0.13799740038669525,-0.08308314445306614,0.0295009402984846,0.4121719341928979,0.4153760723223511,0.007852734994407723,0.016892327229238082,0.06319730590621477,0.38754266308811636,0.0884709154039465,0.4443641667362743,0.20142124302051365,1.0,0.5355627066323531,0.19003226528240613,-0.09344382751511163,-0.07687854275319655,-0.031384323980007636,-0.11270424924867584,-0.07645718530264882
LR_consumer_oil_price,-0.021555734110521738,-0.021282165897665073,0.0020069450458411113,0.015525242813249315,-0.0666051366311496,-0.025098876280759127,-0.0004663568345567441,-0.019740998221678095,-0.030272878499224998,-0.021238248758919585,0.015985373579242002,0.17469919332459313,-0.09410072632920567,-0.00874044408996347,-0.06107799003253942,-0.024177210722067893,0.002444383855944605,0.25182821556081536,0.270919409956849,0.11244857036804047,0.1164476145467854,-0.027340907777998018,0.179829850458486,-0.046671207613288135,0.3258824083872467,0.18042986317374496,0.5355627066323488,1.0,0.3842882977336349,-0.2003457826859565,0.06819413486014558,-0.11036464906429945,0.039263308963681035,-0.026240944297136554,0.2543493169805626,0.26423149893294884,0.19760015452058338,0.1806602274596943,-0.4137816670794468,0.19880489351151187,-0.12029001350103806,0.2993963703105227,0.1918995597389383,0.6132641318297227,0.832165949283762,0.31180297586317085,-0.19829852289585256,0.1984316998819345,-0.23918676023221552,0.058058496117529744,0.14148883514067478,0.2518282155608142,0.2709194099568512,0.11244857036803906,0.11644761454678397,-0.027340907777998014,0.17982985045848954,-0.04667120761329004,0.3258824083872497,0.18042986317374435,0.5355627066323531,1.0,0.38428829773363476,-0.20034578268595635,0.06819413486014521,-0.11036464906429944,0.03926330896368101,-0.026240944297136335
LR_ir,-0.056381046790090955,-0.05598252876365176,-0.05144109328986919,-0.048880730911791494,0.016235700294444773,-0.05783002790601535,-0.07510781809882874,-0.05450002528992111,-0.07561844023785923,-0.06954502224577484,-0.06778471445709201,0.051747947972196826,-0.21396188875525643,-0.07010005963944707,-0.11658592640790486,-0.09196947379043131,-0.060535780997369344,0.3637877952262106,0.3620391737538861,0.3491466021759627,0.34560936036672957,-0.054350764323742924,0.32598509621546845,-0.039096476047693736,0.30893005078370067,0.2333825950510281,0.19003226528240783,0.3842882977336343,1.0000000000000002,-0.4481517919702476,0.18994306378945558,-0.15220897688107998,0.04892421988021675,0.021153489804227512,0.3362658422122369,0.33355851687378607,0.3753515890411447,0.3824594695257233,-0.259594319572381,0.3092601338989045,-0.13525429336552333,0.30692282314678615,0.16054121896292364,0.23808035214040885,0.35277669407497336,0.742066800843381,-0.4415311776008956,0.26050874311309796,-0.300132627520271,-0.05456053370304969,0.095331028175694,0.3637877952262084,0.3620391737538887,0.3491466021759644,0.345609360366731,-0.05435076432374293,0.3259850962154706,-0.03909647604769433,0.30893005078370284,0.23338259505102785,0.19003226528240613,0.38428829773363476,1.0,-0.44815179197024746,0.1899430637894556,-0.15220897688107993,0.04892421988021698,0.02115348980422654
LR_unemployment_rate,0.03662936553519457,0.03623230307605861,0.022344577957924206,0.010913245396640072,-0.013454824902363875,0.037451396001799135,0.04240782503829595,0.0353961697313211,0.0679651455381741,0.03554578393452809,0.015949140660540418,-0.019525505115622253,0.25430292803307264,0.06611575329110068,0.10212947832575235,0.09338277301997133,0.059146392522471856,-0.6712979699497016,-0.6746748844936984,-0.717563314816839,-0.715593228319554,0.06006543153979678,-0.6538543207403013,-0.056946027191946906,-0.6306687544766437,-0.22111533007882864,-0.09344382751511383,-0.20034578268595618,-0.4481517919702476,1.0,-0.21429049174710338,0.16637095141340263,-0.11450671727922124,-0.0536997620829964,-0.742179310217845,-0.7417158107454296,-0.8067814411157751,-0.8026810705982355,0.15607070334550327,-0.7499074654144253,0.03567576054070349,-0.7050336898234787,-0.2945043045870986,-0.22444902868172373,-0.2663312141976941,-0.29646630423806936,0.9482011966675682,-0.3324063997284051,0.37565057769335564,0.0858008871021401,-0.06330671196698494,-0.6712979699497018,-0.6746748844937042,-0.7175633148168373,-0.7155932283195543,0.060065431539796765,-0.6538543207403068,-0.05694602719194724,-0.6306687544766509,-0.22111533007882886,-0.09344382751511163,-0.20034578268595635,-0.44815179197024746,1.0,-0.21429049174710343,0.1663709514134025,-0.11450671727922135,-0.05369976208299609
LR_Close,0.018872838809689065,0.01906461861836007,0.0062541873984231795,0.0029510600279096257,0.013098194859297488,0.020118696639886406,-0.010353848042771232,0.017757280750343975,0.02425103739831462,0.021899607394827356,0.007150475981865992,-0.03583251309396751,0.04522166117137148,0.045611097616363463,-0.05703012375642633,-0.0009187728562390238,0.054522569724282204,0.2240738484065048,0.2181063013150746,0.2960446895098572,0.29614718771104387,-0.021052767376710652,0.17123380362694882,-0.009426415721231303,0.16848091969931503,0.11848618856566893,-0.07687854275319622,0.06819413486014447,0.1899430637894556,-0.21429049174710343,0.9999999999999998,0.15972939701030514,0.234349199129162,0.23781058854761383,0.1612314100332152,0.1583201201449557,0.2109924024569803,0.245162803852508,-0.27989350169207394,0.1231795531060273,-0.08244152168856833,0.1473323814093883,0.15848058465875886,0.07777655635666372,0.16253743849163554,0.10968879456636443,-0.24970283049752665,0.6238138892619177,-0.26348290632292837,0.12389881984483284,0.1342706076444784,0.22407384840650524,0.21810630131507655,0.29604468950985785,0.2961471877110438,-0.021052767376710666,0.17123380362694904,-0.009426415721228822,0.16848091969931897,0.1184861885656696,-0.07687854275319655,0.06819413486014521,0.1899430637894556,-0.21429049174710343,1.0,0.1597293970103054,0.2343491991291622,0.23781058854761372
LR_Volume,-0.04882408744735943,-0.049424279742168786,-0.03788245395069716,-0.0317477958066123,0.03403771222046291,-0.04925869454850444,-0.026931352169389643,-0.05057979697500153,-0.048557342451379076,-0.037516365714916095,-0.05122673960862321,0.06935848639576336,0.09079621372045615,-0.04104641283120138,-0.0246531561422768,-0.027495467440325834,-0.043443279850944864,-0.022563438103431668,-0.03006267788290015,-0.018287181796708685,-0.011933489785707888,0.00656079551671133,-0.02538406724826162,-0.0024905283855856087,-0.051126948509623966,-0.12427970101289565,-0.03138432398000636,-0.11036464906429914,-0.15220897688107976,0.16637095141340238,0.15972939701030495,0.9999999999999999,-0.07432776371828345,0.0513117212866916,-0.13522539684106627,-0.14106467135507575,-0.10647259152587046,-0.08133314802491465,0.06974869938442915,-0.12996089518793782,0.0591209881209003,-0.14017805034506126,-0.08376560942955255,-0.0988151513443266,-0.15296869191484422,-0.08598980416858786,0.16071497028680815,-0.1915884065998553,0.42353372737379114,0.029896089621652057,-0.04790454685957041,-0.022563438103430453,-0.030062677882902324,-0.018287181796710787,-0.011933489785709631,0.006560795516711328,-0.025384067248264208,-0.00249052838558526,-0.05112694850962679,-0.12427970101289393,-0.031384323980007636,-0.11036464906429944,-0.15220897688107993,0.1663709514134025,0.1597293970103054,1.0,-0.07432776371828317,0.05131172128669134
LR_ClosePrev,0.009268400913010897,0.009421684932567672,-0.0012646024644323997,-0.0025495862446959106,0.01650418708716702,0.01029371133539927,-0.02142235596088829,0.007078154751064243,0.01397952884626483,0.012574966544543483,0.006846015506293348,-0.012658959199677982,-0.02026394838112683,0.03989081488725594,-0.06531364270624188,0.03164871268208579,0.043757204134751954,0.11246562584159532,0.11700786655052685,0.1752956131935011,0.17089732678181016,-0.18323187228598323,0.0893016697128655,0.0003881497221175226,0.018989264885566938,0.13126445044089113,-0.11270424924867573,0.039263308963680355,0.04892421988021702,-0.11450671727922118,0.23434919912916208,-0.07432776371828347,0.9999999999999998,0.035214537267680666,0.020706279375089492,0.01844813206566769,0.06460870967697155,0.09929853705440639,-0.06492296255163349,0.011139167181995651,-0.06302163720140071,-0.01095641889908466,0.07998839266415035,-0.03917259487073938,0.07090637152182178,0.12544399357652242,-0.15201479043359897,0.12185984650787787,0.002678506413210606,0.6317560674907471,0.0664911402211835,0.11246562584159536,0.11700786655052738,0.1752956131935021,0.17089732678180994,-0.18323187228598323,0.08930166971286464,0.0003881497221198905,0.018989264885568492,0.13126445044089133,-0.11270424924867584,0.03926330896368101,0.04892421988021698,-0.11450671727922135,0.2343491991291622,-0.07432776371828317,1.0,0.03521453726768032
LR_CloseNext,0.025642173183601215,0.025816792950798133,0.009369970350967729,0.002475796768612408,0.030954016640066747,0.027875061168398847,-0.0006863727294308834,0.02480011932453153,0.03469012036110659,0.029866034360565653,-0.002011879768383873,-0.0601674744149975,0.14994391855120529,0.01740846727778736,-0.005202201650760293,0.007169017721474237,0.06387493452230321,0.14905447986820494,0.15279806936673312,0.2105741366526707,0.21267137811959416,0.09932983095391057,0.15431000311769263,-0.019419453591431848,0.1557350239140438,0.09126661453376034,-0.07645718530264903,-0.026240944297137078,0.021153489804226436,-0.05369976208299598,0.23781058854761392,0.05131172128669117,0.035214537267680285,0.9999999999999994,0.15350736504731546,0.1577192974324202,0.18997133491583496,0.20703775721148118,-0.1317459218209235,0.13904071647997704,-0.059258511906200205,0.15753045651682832,0.1926270728216019,0.09203705505490178,0.14096486030405803,-0.0735880224896568,-0.07765404152696316,0.1399099561035751,-0.14391256122915908,0.051515609143616865,0.6098129260926674,0.1490544798682052,0.15279806936673493,0.21057413665267155,0.21267137811959352,0.09932983095391057,0.15431000311769283,-0.019419453591429478,0.15573502391404812,0.09126661453376106,-0.07645718530264882,-0.026240944297136335,0.02115348980422654,-0.05369976208299609,0.23781058854761372,0.05131172128669134,0.03521453726768032,1.0
