random_state,R^2,MSE train,MSE test
0,0.9959898257891913,2994.52763802617,5650.010434336195
1,0.9948966750311221,3065.5686153135734,9387.281339225983
2,0.9956351266714554,3005.9090111096402,4589.438490103317
3,0.9950971420841392,3285.2411163656507,4903.42347281137
5,0.9959644818934535,2792.5895625137327,5233.713567733958
6,0.9961750189014981,2547.8517458230117,7872.233915780477
7,0.9963488894683173,2711.008530651864,5850.178690855661
8,0.9961433788452967,2628.4398142560176,6441.790700410321
9,0.9957873475755064,3060.3305605113837,6255.451428830954
10,0.995109453571054,3091.7300864606636,6887.91194695225
11,0.9951567085051972,3397.532668489101,4710.303023052271
12,0.9955626596867586,2680.9156606055058,8689.146279911502
13,0.995941784951867,2895.0377338016856,5196.81179765252
14,0.9959204005131964,3135.12953485923,5959.993645002981
15,0.9953380502082325,3028.2580185729676,5264.972860417823
16,0.9960890794569506,2728.637047692347,6825.961767928028
17,0.9954883797686417,2947.578481443276,5636.988366362174
18,0.9960648976410629,2796.6920201302164,7147.378509451974
19,0.9957188365530677,3198.3782957596495,3828.599640157604
20,0.9957540551001703,3291.2017374463876,3575.698503559989
21,0.9958752377137572,3047.7966402274474,6307.288790781675
22,0.9961409005653514,2621.803553985018,8481.272986115107
23,0.994692503563477,3502.277465762139,3382.9502010443184
24,0.9955224872735235,3219.968474447226,4321.070028171325
25,0.9953391249913404,3040.084878257569,5130.85854010455
26,0.9960824638587412,2707.2104510018057,6250.590587537948
27,0.9951650134690859,3517.4805583729158,2979.409412130341
28,0.9959288112784412,2567.3273178023014,9056.851925219069
29,0.996145585614975,2564.0705395174687,7505.145962666185
30,0.9955010947942784,3294.275048216885,3540.429434620768
31,0.9965013640566636,2672.4860204719953,5717.054946801193
32,0.9959195792333323,2537.9504855016057,8865.458416700838
33,0.9956683651217871,2975.793692520623,5684.884511257334
34,0.9954403788261394,3340.8210966795955,3544.8898415870444
35,0.9961895411845496,2826.7936642768036,5517.781724217507
36,0.9961946404044699,2555.3598927077182,5992.480278892505
38,0.9951217005489987,3237.4011503474585,5085.7686636518065
39,0.9960845811765103,3095.3817030518408,4641.376540932542
40,0.9959099125200941,2926.7788193835772,5704.380687466163
41,0.996384119380532,2638.7959684637026,5928.353396676931
42,0.9961070258424873,2902.497182385751,5707.136622125658
43,0.9955865934121517,3351.809117362271,3179.6259568168284
44,0.9954395361354366,3174.9460257585274,5405.680448332135
45,0.9954481870890425,3215.1184583981435,3818.063814540156
46,0.995894805208861,2850.259715142424,6193.167667445761
47,0.9954825609998202,3501.4120634664996,2776.364723901915
48,0.9959629642258488,2922.824497097994,7607.586514912321
49,0.9952910772458554,3017.9441971275046,7047.335408027599
50,0.9956387268145314,3235.4051602769337,4227.298828368246
51,0.9957417477754422,3348.30927785236,3705.071713321829
52,0.9954693374183906,3111.07126772404,6432.561130975109
53,0.9958412698893332,2982.068409564497,5331.422828182726
54,0.9953546866669373,3392.7264082630886,3562.076177435042
55,0.9958116116920496,2727.6170111969454,9142.338705185597
56,0.9951962480926728,2981.1020465501024,7610.133711872103
57,0.9960079499831948,2803.9761316597137,8230.285343854397
58,0.9955839628696687,2714.61490306791,7383.195326822504
59,0.995633043404336,2935.12072446992,7558.2312403981405
60,0.995746814454198,3321.8279562724697,4042.8856024206952
61,0.9961090736572921,2588.5608983944394,8484.752401701582
62,0.9953608924376165,3539.808092211006,2588.6101687688956
64,0.9956062294324806,3454.312750480578,3106.0408567328095
65,0.995395707214468,3103.8635631187353,6745.318204304275
66,0.9963465447170451,2504.897442567139,7047.097054929498
68,0.9957401828724035,3037.1671774801753,5437.965498302706
69,0.9956097682066829,3321.0824897855196,3488.109132831588
70,0.9959275580883904,3091.9814550823044,4606.457640997518
71,0.9958169471206558,2944.0404201550455,5491.8124007663055
72,0.9947337522881462,3305.784903395005,4246.943618893859
73,0.9951005396225598,3300.088985991269,3570.5911708072376
74,0.9953103981557234,3006.6323418711922,5128.996224388339
75,0.9961095596642631,2928.298346694717,4762.480903578128
76,0.9958576881913427,3014.5659471558297,4575.885604560851
77,0.9955000680954016,3024.920915100281,6805.887918390295
80,0.9961968822924686,2986.1566049513717,4631.8240508613235
81,0.9956165817855055,3071.7575931488986,6330.031841912834
82,0.9957363810864633,3192.080388880064,4582.967512644122
83,0.9955401618987194,3085.871716703918,4334.837882222698
84,0.9961426759446692,3077.830438050444,4384.869517247486
85,0.9950043703992032,3309.901107645174,6408.908594782011
86,0.9956625826431913,3194.8099020195905,5327.563003262649
87,0.9957156241824369,2835.4194989942152,5289.557515448733
88,0.9958249155764355,3052.2688366545667,4792.536131332619
89,0.9959408867189262,2783.185441601981,9452.862863378126
90,0.9958213563038014,2937.0244968848133,5348.256359865203
91,0.9949296359118103,3222.319125859149,4423.662384448734
92,0.9960996135104726,2618.0892029171328,6026.849129180497
93,0.9946178796298993,3122.0010249918173,4941.689989845048
94,0.995552756138244,3174.6411013632123,4647.669116115816
96,0.9963884880831667,2567.730945696035,8154.435408789595
97,0.9955894189869539,3280.665858670811,3674.538727975874
98,0.9957524874479445,3154.194898344311,4028.703700644586
100,0.9954879562287666,3166.2835911706447,4077.1323539783675
101,0.9960547807633532,3003.2702531098753,4806.941567727962
102,0.9950343656967922,3600.626954104478,4037.5122788524586
103,0.9953233812841967,2903.538441761654,4722.149026944117
104,0.9955883525114383,3280.685944345022,3535.176166103323
105,0.9952756347406433,3022.025425123155,5325.128244247613
106,0.9963398014741156,2654.629708469198,7393.436112929905
107,0.9955043021793185,2927.730024299787,7858.963935886232
108,0.995258038788907,3239.511913236659,7849.0294278625815
109,0.995714489057076,3038.652533993663,6513.985336363775
110,0.9950649984600003,3286.073433450147,3824.0446170815735
111,0.9956881429994481,3354.8235290422276,5749.503015572975
112,0.9953996503028635,3244.020375905471,3927.864774724863
113,0.996333273223925,2767.2022382670625,6212.491403602109
114,0.9955572843915343,3357.8477708507594,3419.1365854375454
115,0.996058483512026,2659.697257194658,8968.151520763242
116,0.9955927793155354,2909.079165277167,5891.988534417524
117,0.9948029664313938,2921.979797333555,9948.637189327332
118,0.9960498948940876,2899.895122290526,5697.932434854753
119,0.9949724896334933,3459.7627331116837,3405.765198692739
120,0.9960080774748448,3010.221083314525,4705.892144955441
121,0.9954307249744095,3008.745914683965,5727.824488265701
122,0.9956818565157897,3068.0743681627364,6287.9465074036325
123,0.9966657761915424,2436.4291239560043,6124.569975191315
124,0.9958003572090471,3332.9486246090073,3375.3030964422924
125,0.995912318868865,3118.034737236767,4471.204274889374
127,0.9961202113482733,3036.492231195878,4856.101427332322
128,0.995663784598524,3268.7650868502515,4063.938430330806
129,0.9953382338349834,3182.3661929131563,4664.907827435875
130,0.9952735811368563,3288.0784947779985,3825.5912104614454
131,0.9953727408507794,3028.098483762544,5216.214516972261
132,0.996698725856736,2355.991564584784,10409.991489495773
133,0.9958813821709364,3058.8545630385765,4694.10972128182
134,0.9957877977520463,2646.878491107617,9670.940597641977
136,0.9951025818291487,3304.367233744011,3756.66897689748
137,0.9957433200371878,3011.0701112619877,5288.406451160979
138,0.995270106252018,3429.2627392320464,3178.7378495138546
139,0.9963001942427463,2691.2605325379795,5741.014378444971
140,0.9951994401476966,3025.058377483257,5875.275872829602
141,0.9951763096507383,3093.0582549974893,4231.88779940977
142,0.9953271300091352,3725.8598068654646,2140.8490019538626
143,0.9958430951240989,3012.0917078390926,4743.208623220061
145,0.9958934728575327,3033.349568058311,6589.020326285356
146,0.9955760689672343,3019.715137846288,5377.4092244080875
147,0.9953640995277809,3220.6094323621473,4982.347998116185
148,0.9960309601167547,2661.803532385523,5789.643045670198
149,0.9954779043916462,2827.9311298123785,6030.071645257059
150,0.9956531856558668,3065.4794395786466,5281.188629320918
151,0.9957740158009359,2850.558210173567,5927.9930292892595
152,0.9953855983547192,3251.7068557925368,3588.667339586417
153,0.9954751166079522,3243.7312124687824,4141.9073512733485
154,0.9951699999623843,3155.651585021086,4113.595480763592
155,0.9962375588017752,2823.5958239791776,7722.678576867868
156,0.9955606674710584,3002.8824646077655,5397.574189068199
157,0.9955834636996794,2964.937059646301,5593.073292181493
158,0.9956366394829224,2821.198912630273,7041.934081348344
159,0.9956807180623994,2939.7198268557077,5439.251319906636
160,0.9949809828737143,3134.1396882463937,6583.860842461886
162,0.9955469910924016,3221.5771556173963,4365.287910093656
163,0.994743116669753,3303.184651523041,5377.937306935786
164,0.9962356682726051,2446.576928967457,9733.744287268193
165,0.9956423297884117,3402.63065647585,3294.5705144306785
166,0.9961884097499406,2646.7310641308245,6585.697803859618
167,0.9954622895141307,3115.18737374572,7040.559835738245
168,0.996244379961692,2687.4516127021307,7346.128032383454
170,0.9956772994251487,3163.8383890205064,4668.964227999086
171,0.9953657364056037,3226.2310116812314,3887.6133321782618
172,0.9956479125289167,3107.6617241722656,4476.468054574162
173,0.9954731310272121,3386.663659174304,4013.169754125223
175,0.9960760394874238,2813.282255279012,5716.156752083058
176,0.9954695487740076,2938.113641577734,5007.329021012141
177,0.9952867560147872,3600.363518468737,2486.452276097147
178,0.9956073816855343,2911.52866835167,7377.301557749849
179,0.996139169852647,2721.5764357182065,6579.391289703602
180,0.9956773386880753,3097.8151338898174,4135.849044146884
181,0.9956544250677247,3141.443383287734,4728.5926142509725
183,0.9955386969082334,2969.536447985748,8206.938668134922
184,0.9961780896862726,2884.162678023441,5958.9247601835605
185,0.995875185290223,2586.7989006651023,8012.898371323755
186,0.995366266567914,3558.38320332034,2710.9606015412937
187,0.9948556005101923,2894.8302957586006,5970.103990805005
188,0.9957679237222056,3167.9647938267663,3869.5192177025124
189,0.9958280977144319,3074.723522004981,4327.1903563933665
190,0.9956877247961697,3326.4630377452595,3775.304106703699
192,0.9959155054981922,3086.4034161862583,4311.883693274526
193,0.9950566185480479,2702.3125021590386,6806.367459505723
195,0.9956309316071567,3118.401193611188,5984.379364448221
196,0.9959468139333163,2663.0971387331747,6759.205060773719
197,0.9952587623028074,3224.16642965628,3827.6314992985735
199,0.9953352858736084,3103.928531248679,4036.583880096565
200,0.9956848655150098,2997.293800705863,5093.520245199504
201,0.9953371998557837,3248.667368424104,5788.9361833489265
202,0.9953974388284401,2997.23762234197,4908.532596062363
203,0.9959360517656917,3220.5299202814344,4261.391908170211
204,0.9954473967903488,3246.971952325445,7964.7797771623145
205,0.9955386918454822,3050.171875419757,4910.698596944336
206,0.995282869492603,3325.4924767885536,3313.8023534702984
207,0.9954915683839665,3195.42376582385,4394.263100644994
208,0.9962025544614641,2784.879118934613,6123.2002665692335
209,0.9955703515072155,3136.939242136736,4171.29743622595
210,0.9954778137357277,3390.916616161892,3416.1945385791078
211,0.9952753052701405,3374.3089958387295,4283.630386639883
212,0.9952108581087433,3612.5077331029597,2573.2365072980538
213,0.9960463999971286,2877.477621468374,4720.866152292987
214,0.9956463777037766,2750.509427665813,7495.95273121216
215,0.9956948730936003,3441.965293539592,3765.697138909761
216,0.9962343350383525,2796.8866791868345,5320.0988307620855
217,0.9957554427285309,2860.517179559671,5496.226767881576
218,0.9950257292727993,3004.2747068339604,6244.259568792795
219,0.995662134477158,3162.6300171013286,4623.5919219623565
220,0.995454329951652,2820.9290234781515,9645.242748170123
221,0.9959553338892665,2923.598293082699,5773.356463598981
222,0.9956641044001996,2886.7501119131216,7344.027604102063
223,0.9961232680005578,2877.1814346087676,5090.421450658623
224,0.9951084007940589,3413.2489333999188,3074.5232747476216
225,0.9946392391750134,3074.2860545640942,5784.248616315235
226,0.9963072225902211,2804.9307909878376,5869.155859840699
227,0.9953515975457059,3353.1968287083014,3546.200468708726
228,0.9948481682460826,3098.7946539072973,6971.682497431647
229,0.9961030127072248,2376.7218437193733,8042.799939277854
230,0.9953660760304356,3220.352845052019,6103.3237835789605
231,0.9959736032313211,2823.71866608853,8083.096203006796
232,0.9951059326456715,3426.265836775493,4847.55780499326
233,0.9953175482275122,3309.259089722988,4228.029062657844
234,0.9956481233842782,2998.4684575215897,6392.528656661369
235,0.995756465126527,3309.9574193583235,3410.624095417
236,0.9957670855083443,2778.6366825705672,5885.262816568324
237,0.9960151283214409,2595.6515337037536,9580.207756225258
238,0.9951881262440746,3208.8922553468706,3968.760710318713
239,0.9955742315386212,3200.071749223758,4267.453676246526
240,0.9953612345170968,2990.761098986402,5987.492215486261
241,0.995908054791083,2625.6465830719067,7008.113122952952
242,0.9957195438743639,2811.747769206884,5346.2758396006775
243,0.9964174929798495,2653.2386298223105,5701.852628567514
244,0.9962269873302784,2894.952151989673,5559.007092007188
245,0.9961491672646475,2895.4974445650555,5031.812658026793
246,0.9954465482370465,3169.175003065789,4186.03193599081
247,0.9959119024758856,2857.153343548941,4962.663981113098
248,0.9961888207291036,2969.2475436367235,4866.1655813423085
249,0.9958104244111401,2773.2352459449417,9308.030062640853
250,0.9955593798916569,2934.6770702538943,6169.958292343966
251,0.99575056600156,2900.978946185751,5156.987013238668
252,0.9960417194710292,2726.719789802579,7401.796167405734
253,0.9951520114343012,3365.970249217285,4844.090224433884
254,0.9959348228193847,3082.9244906390263,4869.9830471460045
255,0.9954536752435564,3371.691374277186,3298.030007966146
256,0.9961082600981281,2637.0612021719066,6261.308894995378
258,0.995855513822709,3082.8568665434727,4509.790676889472
259,0.9954598190963648,3216.591955134253,4118.477886965641
260,0.9962501002855876,2984.632959727766,4848.293388959353
261,0.9953878202791822,3115.754813513645,5097.189480806373
262,0.9954807226678473,3131.8352909694395,6314.41807543462
264,0.9963299539177113,2695.3523512076777,5775.5893241650165
265,0.996062196589723,2617.2855635859446,7997.388502084174
266,0.9961086096089691,2800.899690573021,5710.890527459409
267,0.9954748333663751,3011.167545362246,5660.975895690208
268,0.9952890346936925,3133.296206718359,5187.246639215163
269,0.9961883320245808,2704.0155296690064,5956.3618905634585
270,0.9957174109052381,2799.0720048018793,7332.947130044003
271,0.9957605636945364,3067.4049820772084,4710.483061159886
272,0.9957197018861689,2680.874342133046,8875.158446497977
273,0.9955136700643098,2903.6519704204634,9092.114926541117
274,0.995408157787192,3019.955024945626,5214.63315897843
275,0.9951356990875448,3376.0402187896275,3198.305726106952
276,0.9953534053514906,3001.890294353271,5317.958772730527
277,0.9957878250570381,2994.8549672704835,4599.789148228431
278,0.9957435740492805,3208.545008905724,4888.84927911921
279,0.9954298274652312,2929.765138099895,4921.652094436892
280,0.9951632668818148,3584.056357347078,2732.044410795513
281,0.9956289100068573,2783.679538322457,6296.820659305073
282,0.9953113862752764,3491.8218932369746,4170.136326397169
283,0.9961412038546809,2689.3326603064006,6556.10208784158
284,0.9952467588887866,3290.2681165529198,4992.62343167088
285,0.9960575544840098,2946.9574990304855,5049.854738679436
286,0.9958973362663833,2835.003958590774,5829.072824136947
288,0.9953431687739355,3250.2965389107817,3777.71506507982
289,0.9955944590826833,3102.651590856697,5615.017372252372
290,0.9951579557570848,3646.5070483526765,2452.7660972149083
291,0.9956185458093513,3155.1885752108274,4782.632470944637
292,0.9953650290346432,3419.7717507199827,3211.1306142401468
294,0.995843811277063,3200.606138391216,4401.14828430159
295,0.995418897054786,3137.6898417827806,4566.062371044664
296,0.9954719010404571,3125.9355319734173,4403.900142469938
297,0.9950638784531284,3489.2282875182727,5032.44385193964
298,0.9951538515648943,3158.05294724643,4856.95772331113
299,0.995240725011494,3451.776916789417,3231.934701937377
300,0.9964587282682871,2616.231047339671,7557.141096488274
301,0.9954685781469728,3255.8834518280137,3698.582717964773
302,0.9960459622603136,2812.9309624331895,6338.688889173288
303,0.9956961993204191,3211.721559889484,3932.673649996129
304,0.9952304187058446,3132.6146832414865,6654.7773289085535
305,0.9956829725512599,3286.055891662331,3748.279786219412
306,0.9953356053338109,3228.414049957549,4019.8319101546635
307,0.9960418290762996,2982.965600675823,5769.764544022715
308,0.9957261369888082,3156.4311975775554,4371.490104566114
309,0.9951908502532463,3318.5219946739257,3509.0305428028764
310,0.9956473428083832,3387.41997263412,3295.667923205257
311,0.9961887080711624,3029.9192315369296,4452.046119756053
312,0.9955941792114468,3234.147928394934,3590.423507176301
313,0.9957079302334952,2781.5251325951067,6514.452550580238
314,0.9958601853561471,2719.753569351721,7208.814397742871
315,0.9953738829913606,3188.5459929010603,4649.286935136164
316,0.9954349244626942,3014.801555197922,4650.7693876466465
317,0.996179363182208,3011.4100944070196,5374.756598693123
318,0.9955372048082074,3422.3943295648787,3179.805485604629
319,0.9954768430095507,3112.3134100216716,5343.373311031088
320,0.9950367988891095,3327.6406691260063,3257.0357991856213
321,0.9960430215891155,2986.973585479123,4940.462243349736
323,0.9954998691197667,3066.5254466822494,5952.129626168707
324,0.9955264480311123,3217.6218935553397,3670.393813462789
325,0.9960122126595756,2960.526730765623,4533.854584848023
326,0.995357101635059,3039.540863802291,5272.649359681536
328,0.9950746171853451,3387.4669384305143,4089.9736485441754
329,0.9954226707089088,3499.6941986213546,2851.0767650755324
330,0.9959403567953777,2718.6103476719186,6293.393807141811
331,0.9957938425867611,3037.036972076252,5573.523118541971
332,0.9959461296619204,2746.874232612298,8331.219756285487
333,0.9951634597499576,3303.1075505827594,5235.566794491727
334,0.996161090894277,2851.4397819267197,5557.066193448722
335,0.9955060256224256,2746.5279171314587,7147.712888717451
336,0.9959838110957694,2801.1286767363727,5508.733864947558
337,0.9957776978189978,3181.171579997123,4992.1508789220425
338,0.9960438929346276,2823.5320288131425,5776.6062671578375
339,0.9960310009739896,2708.6335937044196,7585.010804035586
340,0.9958111353115529,2699.9243579171866,8865.86813718639
341,0.9951778201727649,3450.5851559805405,3112.1916615432897
342,0.9956729723965809,2956.468125764587,6304.216353642005
343,0.9957725507627454,3055.231701587925,4992.14925792578
344,0.9953009947813255,3493.82605093293,2926.045978472687
345,0.9950846145533954,3557.468255488851,3391.7328167228243
347,0.9951270435673649,3486.1981467160335,2926.802252125134
348,0.995568041911647,3341.1624371001594,4480.404926305965
351,0.9965068549978422,2317.738661276396,8195.025434580577
352,0.995327391973267,3041.9489195831975,8542.274906501234
353,0.9946676967394696,3451.533800920158,7469.204931134807
354,0.9949753579098931,3210.2364904143064,6229.732892951895
355,0.9953503476033787,2950.3240785110534,7222.419401905951
356,0.9959051028294007,2943.260682192759,8836.241856934124
357,0.9953393471900787,3521.7773320651613,2843.655805495507
358,0.9963928872928534,2575.9814686257355,6462.40918802292
359,0.9959698325648672,2968.800739407822,5305.638775843821
360,0.9960338715910243,2932.593934662617,5647.705376046714
361,0.9962476543123933,2678.2006613576978,6721.3759971036825
362,0.9958663671958,3074.5876190397835,4535.205935144532
363,0.9964142561056551,2628.208310090871,6360.87321524896
365,0.9955266132175771,3227.2728836194456,4056.1780818381467
366,0.9957159863428269,2995.4189299178006,4870.236921286842
367,0.9950491054760772,3006.198653060467,5998.240854016314
368,0.9950120551744088,3145.0959434522365,5695.528292848035
369,0.9952505618312458,3566.152399455011,2569.1631719713573
370,0.9956054353251782,3132.6599406605615,4493.222826212979
371,0.9954980811114138,3177.363693148737,8074.933413474741
372,0.9958948659106388,2817.7658503943276,9281.113609375994
374,0.9948045028828166,3153.9779523436305,6918.758423490118
375,0.995997794620439,2982.7270261528715,4978.215447289675
377,0.9955953478340356,2968.1474280531793,5375.639059146847
378,0.9960449450639786,3148.99684771111,4794.2035653816665
379,0.9954622154901996,2879.217705213627,7837.474544907166
381,0.9958414991435235,3168.7746129787893,4237.432472453741
382,0.9958787659094485,2912.445916311768,4847.449701715686
383,0.994751534852548,3374.6273576208405,4288.320341024014
384,0.9956360042978915,3231.373330374947,3900.2829647121744
385,0.9952499287465213,2979.508288594277,6706.389617830264
386,0.9957898276583099,3232.532502038758,3598.211363502693
387,0.9961752456820672,2828.6506343959604,4873.87989651032
388,0.9963651733339713,2631.0005972674912,6321.1297577977075
389,0.995565883314006,2905.236938056857,8221.08833084206
390,0.9951748860451989,3372.419960978653,6849.724758646511
391,0.9961262097934882,2953.118139197082,4982.79363429478
392,0.9954085110385623,3036.3938859235673,5577.810694806292
393,0.9962420194863041,2580.9521724311326,6635.96340037811
394,0.9959958834715765,3152.9449422854846,4084.217299825617
395,0.994669204753002,3481.9814923607064,3161.671068330689
396,0.995645469399277,2967.4864013166484,5014.885992064412
397,0.9959418781288362,2806.3425430152893,6001.80926988282
398,0.9957980106569932,3003.1820169076213,5420.4181538024595
399,0.9962238368652812,2778.2420539030077,5743.734610219857
400,0.9950844501285477,3215.230375871392,4004.6040876762636
401,0.9958228992074489,2974.7391823079056,5733.083512039352
402,0.9961705939628667,2885.7653736011684,7331.309845159616
403,0.9953016256333357,3338.8095074980642,5569.445781485108
404,0.9963368966492292,2709.9518393108438,6640.416692334159
405,0.9958480069008194,2801.1669701730616,6724.073484166714
407,0.9956340880273951,2978.942294459624,4799.363208525016
408,0.9953879983156079,3207.5310059096796,3777.521215444354
409,0.9956519132254561,3113.110057687257,4649.004866136988
410,0.9953501836891432,3322.936278185775,4332.382430952437
411,0.9957962158147498,3063.357928292967,4557.1268265077315
412,0.9955392715924468,2883.837211244608,9231.448272125777
413,0.9959908884886464,3007.112315577957,5519.945196418624
414,0.9958227511002558,2998.1013580417434,4451.317886106606
415,0.9957206617022369,2843.4419250017445,5159.002893916214
416,0.9957999658137568,3111.837626231429,4518.600459642665
417,0.995094010305438,3262.879462059128,3850.1279838523164
418,0.9952221505681248,3283.8865665533253,4606.822603995828
419,0.9950542977705996,3355.774779236602,3585.6305576674235
420,0.9951492545153255,3400.2759535083633,4459.375164408213
422,0.9948805147315596,2993.435070289593,10003.989975460578
423,0.9963136081749198,2659.9584215959367,7060.400015138782
424,0.9957359460570596,2703.5684426431817,8701.494968251794
425,0.9952679570022342,3125.1971980086255,7539.521269423633
426,0.9954348166202824,3127.5102774277284,6480.081525785446
427,0.9951252852394916,3023.918359288179,5174.104381017511
429,0.9960306990453358,2943.7898283164645,5317.283061745453
430,0.9959701700828585,2755.234151435363,6409.872135544476
432,0.9958999987447998,3143.7254236518143,5185.89541606827
433,0.9952348326706144,3436.702983985979,2862.9710665821644
434,0.9954697489034742,3287.0219037043043,3824.9659376295676
435,0.9956485833215846,3243.9301048999705,3894.554178426434
436,0.9958008681285809,3211.240692912136,3739.149098125902
437,0.9960670795627488,2787.1153070118644,6529.825136692782
438,0.995677100870358,2902.0152660272456,5691.641748467859
439,0.9958702090959684,2760.490789255982,5288.825860824974
441,0.995199537982192,3117.8852717552886,5222.984408459392
442,0.9957227911521521,2965.8707676499803,5374.837845698428
443,0.995492241611973,3306.81128253911,3783.4791385785934
444,0.9966492224043648,2506.0582514174403,6361.291902346318
445,0.9954950062647626,3135.870115167265,7366.4142591780055
446,0.9952552763691463,3130.738657616695,4357.231928458629
447,0.9959128900804847,3173.182488351131,4072.115812867674
448,0.9956039596000541,3206.686834673876,3845.787872074044
450,0.9949101825168102,3509.3978119510343,3002.9220567800785
451,0.9951717934500487,3182.7002917791942,4934.54539084437
453,0.9958183664568696,2828.112208252272,6186.724772371298
454,0.9955871964854163,3212.4042515230635,4988.384940408315
455,0.995313158192431,3145.74341536948,4948.345020140568
456,0.995710626330739,3038.169514544787,5151.630904549483
457,0.9960371658309001,2769.488182987232,6697.876906443933
458,0.9953859152307326,3530.0793873205107,2913.8071678883807
459,0.995728821558407,2761.239353872032,8447.67508852068
460,0.9959551225675283,3069.4337089995893,4713.897966840398
461,0.9957839736102037,2564.738428943251,8379.247885124007
462,0.9957420585703707,3147.47678639963,4289.72588816492
463,0.9953222030792789,3227.860378753235,5792.354503956964
464,0.9953376294316371,3230.5581404287454,4013.6475238032135
465,0.9952084527671422,3335.638123637632,3331.508276552642
466,0.9957162653846476,3159.58962307876,4627.34676787322
467,0.99633059227673,2358.4638638953716,7415.081544555019
468,0.9950077231160764,3252.357624988912,3648.5724989706487
469,0.9955860734830371,3204.4262954983215,4345.412784801557
471,0.9955013269527463,2754.2707468988165,5796.753279550107
472,0.9953934879853379,3347.812222968585,3665.2982813352537
473,0.9952483845183235,3393.8377659743264,4551.378384791246
474,0.9959993647542611,2654.5689454315766,6773.14689633721
475,0.9953370797782632,3530.724133069055,2925.340740015638
476,0.9950590068648795,3342.8492110813672,5331.863729620806
477,0.9959982196479414,3054.7808826521086,4531.382056681994
478,0.9957211667643396,3189.708221422111,5475.00364885129
479,0.9951300091208231,3382.7977495090304,3991.5668144627184
480,0.994797645750642,3058.247716228672,6134.0513106456865
481,0.9954852698018357,3465.7527160948935,3500.401567146086
483,0.9955400360518349,3187.469964670715,4533.765925727194
484,0.9962067010052388,2849.0491178496036,5741.262110310613
485,0.9950917408467596,3229.879961081836,5225.5608518132885
486,0.9954774212417097,3263.505422247611,4575.428615450743
487,0.9954911259644967,3012.3870429367494,8199.021429799668
488,0.9953745225547763,2945.6095420344986,6732.8364276695265
489,0.9960194391924923,2860.36067825749,5921.932094502966
490,0.9954653031004761,3268.988996474717,3604.246380904575
491,0.994866391252631,3390.213410985466,4659.922247041776
492,0.9956684342342067,2927.503219176862,5105.689964915089
493,0.9961706714502175,2675.2588651005094,7761.11504330348
494,0.9953301323239901,3101.658798540043,4580.403733784192
495,0.9962343320459155,2677.8508306757053,8494.300319946838
496,0.9954639238226468,3332.9035620246045,4793.6100043509205
497,0.9958740001548234,2915.0993393221092,5341.564239591571
498,0.9953348822173335,3145.3763845764756,5238.208129749255
500,0.9957492034904261,3100.407296043358,4279.12563181526
501,0.9958978702926017,3175.0838578236226,4615.07578667831
502,0.9963301683100982,2555.40394359167,8021.544380497412
503,0.9954681813154626,2865.469469359407,7184.032973262495
504,0.994912703085017,3078.2607071950542,6005.399762648433
505,0.9958804031058316,3093.6958442147006,4059.427609784631
506,0.9953693521500515,3216.33568932937,5592.834846837442
507,0.9957325147730476,3014.2376559983186,8587.474654284999
508,0.9957952839092318,3046.7960283535967,4857.750509991972
509,0.9948793031812024,3450.96612242338,3089.2001757831413
510,0.9960626352631505,2788.342113073118,6100.702807783392
512,0.9953415815328647,3276.773567176458,4741.963123475616
513,0.9956955348244511,2809.520385167413,5180.3331335552
514,0.9962628959884693,2683.9743335922126,7056.965025401325
515,0.995542604022546,3300.3295021688486,4193.128932447743
516,0.9958283023184138,2921.867066243683,5677.481395630928
517,0.9956994910454827,2998.12822546114,4753.36912875905
518,0.995696645699783,2992.641740888482,6484.870203333095
519,0.9957827046577453,3275.402336613402,3599.312601157604
520,0.9955779176948066,3238.1537060635164,6533.924377213519
521,0.9952149824661618,3210.9521123905743,4548.342085406131
522,0.9954511813351528,3061.642359031774,6832.8195746226875
523,0.9962693149087162,2752.4792487006484,6143.303722600778
525,0.9954399629581592,2829.4196156106905,5658.981695661343
526,0.9959106731856383,2652.372926882395,6322.395551045411
527,0.9959437830134389,2979.8867493141834,6701.614010492136
528,0.9955345156273734,2968.167355265899,6434.888509868758
529,0.996435741303316,2495.3489892585094,7015.558019239221
530,0.9962274589816981,2779.4732977405556,8498.529588032654
531,0.9956058495679231,3164.8025826061,4119.288816084962
532,0.9950229043672492,3227.975194036733,5345.345375117543
533,0.9957213512936506,3309.9328520324148,3297.226214899841
535,0.9958732403058462,3203.2685482570864,3943.3522544565412
536,0.9954174834176719,2875.7415727862763,7025.378905686618
537,0.995690273717158,3207.0777108018424,3847.883490673351
538,0.995752875654769,3063.586742718369,4615.255154989399
539,0.9956285337872387,3286.0155391239023,3722.1998897280114
540,0.9952681737201501,3031.311682227356,9371.864593284146
541,0.9953047386113624,3194.423683165074,4370.407437557885
542,0.9950794432009782,3126.6435540039347,4719.679760833635
543,0.9953064869664153,3129.7951616672317,4792.07992082592
544,0.9960875021963577,2847.228263734098,4950.585402950668
545,0.9949839776312314,2834.625532926246,6433.301924775906
546,0.9956511611991946,2982.8446497830046,5284.671107499248
547,0.9953258501735105,3287.6778132201366,5066.580195904682
548,0.9958439605242445,2909.4801175030884,6657.942164892326
549,0.9956468238503634,3082.6187317035037,4237.543926375626
550,0.99575911134943,2936.1094740483622,5370.67596315382
551,0.9956485202068125,2800.9994441643094,8310.309848278263
552,0.9958939766682611,2982.0206366440048,4720.437580374062
553,0.9961771344018486,2669.0490617357473,6248.625592791865
554,0.9955299763323916,3215.798120914364,5017.06597726404
555,0.9954113307576824,2945.1340595197817,5621.69493705216
556,0.9956354136826983,3193.996375812431,4089.8095695460684
557,0.9954814032871134,3205.331409126475,4410.09636559102
558,0.9951568304504917,3181.9792687410627,4272.74341675376
559,0.9957498608989621,2783.750411101926,6599.135132945524
560,0.9960302626065554,3016.8080532117683,5661.37262173409
561,0.9960219292827444,2811.017703584057,5628.179239435752
562,0.9965152299736526,2368.577799595486,7224.467541197602
563,0.9957440822091284,3256.3081105245965,3981.8142586084227
564,0.9956138080631773,3302.17136173155,3629.3869246168692
565,0.9956500673626572,3162.344511145496,5979.252886373533
566,0.99545575252993,3048.1212842024074,5306.321676020917
567,0.9952604574662378,3175.264661928866,4521.256700943899
568,0.9959029642057984,2852.1148349565924,5152.5411731952645
569,0.996042340323966,2804.8551787074384,6857.7351526825805
571,0.995820952224129,2678.4311936059244,7876.938616618571
572,0.9960208342248374,2978.2374564430643,4499.397544937493
573,0.9956748169320033,2887.63870510255,6708.815980853234
574,0.9957721070086561,3120.3133747541533,4794.003725893128
576,0.9952877392275827,3258.3383474683155,3533.823543938087
577,0.9954600671103447,3035.039273571028,4613.10338441809
578,0.995575188426994,3062.907291410496,4448.952883496478
579,0.9948872113648592,3034.2900783377063,6256.97009678751
580,0.9954622374941228,3225.7938385083853,3658.494548736702
581,0.9950853902285509,3071.5033206540393,9082.07081778411
582,0.9955020880198084,3305.8545021328136,3638.924788163944
583,0.9959006684572062,3098.0631956201046,4363.188114535445
584,0.9954828357429376,3395.755788615616,3531.4729680454375
585,0.9953315731663682,3246.051836388898,5305.365256048655
586,0.9961593208301734,3086.1444811433116,4776.177588595431
587,0.9951977875258373,3153.0429832184877,4803.844902182647
588,0.9953741075800947,3210.875509629262,4050.3043858851493
589,0.996032093699282,2881.690357519454,5571.709365302784
590,0.9955000092265066,2869.5115416740136,5160.080920116973
591,0.9960347504891791,2693.8305618561812,8439.043028437107
592,0.9951631696538584,3242.7084036788087,5039.141951619984
593,0.9955115827708624,3066.16147580262,4749.142421223363
594,0.9956010936140683,3034.214018370509,4763.841332951931
595,0.9958605430643716,3112.2865253536474,4564.126496879052
596,0.9956595926712417,3314.3792531300783,4226.728205851441
597,0.9960106284460096,2835.8825098351394,5033.2769844780905
598,0.9954094643477185,3365.821749919373,3549.996653393064
599,0.9957075633381711,2836.177127939985,6430.973285217839
600,0.9950563048028698,3324.8432591643013,3715.3886962621036
601,0.9962692915899568,2853.423121078232,6146.527239873792
602,0.9951986509578974,3410.953377988901,3213.4926954658868
603,0.9959648552491652,2750.3427943546103,6853.25900992764
604,0.9959480429056904,2890.7406524511016,4861.068721944117
607,0.995803791789449,2926.5099022359996,7759.70451914294
608,0.9959385860635892,3010.594901066232,5303.808922595521
609,0.9958161674975151,3071.3141332982823,8883.15556841552
610,0.995434430987175,3198.815970531234,7773.195512647831
611,0.9950159806894477,3479.499903460335,3784.033255422497
612,0.9955769418844009,2840.781834117161,6991.57191490211
613,0.9951725733861955,3047.9954066439977,8441.817611962944
614,0.9957903874315728,3295.974359161104,3556.7426366946497
615,0.9961842631920564,2552.05814558611,6817.772606093589
616,0.9958867422972568,2752.7528979574995,7325.442219484867
617,0.9961278318427095,2548.910752066262,6807.136324719975
618,0.9955163551721444,3374.837026667098,3579.099427437111
619,0.9952356772638351,3226.355485289993,4302.459777845664
620,0.9961561286402882,2629.3738162495874,7316.309840551462
621,0.9953836130907799,3326.705584486222,3468.7865869892744
622,0.9958862661127612,2852.164306166262,5738.865084257204
623,0.9955100226212965,3050.821545606001,5926.578914921825
624,0.9959150680149432,3292.4277032417726,4429.465570883223
625,0.9955406694915653,3083.6035225193473,4888.415103699363
626,0.9957075791867921,3030.4258993342,4631.68069123857
627,0.9955961102792511,3065.3272369710303,5250.777168975415
628,0.9953775647600113,3261.3108145913466,4595.619719106546
629,0.9956809291500385,3015.4389138314687,6816.191537737244
630,0.9957461324275314,2862.3694444826183,10064.584563179842
631,0.995657122453339,3313.9452645899983,3462.693602519741
633,0.9951021708944409,3122.1738509978454,6088.395359429231
634,0.9956381875262668,3110.1718192917497,5154.078013220298
635,0.9961709959388959,3018.493559614139,4642.396599683263
636,0.9955957504000571,2947.641809152694,6980.165338210898
637,0.9953026737571454,3352.7597096034647,3252.360891926198
638,0.9961363404706527,2775.60356938598,7421.550524955363
639,0.9957268555677588,3289.177475124234,3841.502263638963
640,0.995477022512668,3182.6181677179015,4042.614110581931
641,0.9951829067804484,3111.128389373612,5551.299328984608
642,0.9954365485465517,3288.2211197074275,3515.276927704484
643,0.9957889438426939,2887.398704517279,8673.758071620223
644,0.9949420948971505,3192.546639227615,8385.792724120727
645,0.9956336449112496,3069.337793667894,9582.69137516293
647,0.995696677571825,3060.6107548236055,4654.369113878705
648,0.9958505618463045,2941.0155103343345,6428.876832317656
649,0.9956688062659004,2796.7221017602487,5713.328499209985
650,0.9960321493222327,2817.640790097232,5059.27824482856
651,0.9958878208699354,2706.9997878747686,5998.755146957073
652,0.9959301276271372,3097.6738867438826,4827.016490395244
653,0.9955374250809003,3312.644613376355,3911.0391885967906
654,0.9955308378664168,2949.6657207213498,5521.104056284418
655,0.9949989070480286,3132.929199767643,7292.937275385111
656,0.995445841448539,3129.475778997755,5591.094573575143
657,0.9961590276128407,2845.299237523496,5588.782779620044
658,0.995867219210051,2984.303303458866,5455.813421894582
659,0.9958286848965721,3070.081892194748,4842.806319076585
660,0.9959240948816522,3113.200758077358,4086.4449382432726
661,0.9958629511263902,3176.250658958398,4108.472236227307
662,0.9951724802758869,2934.452574765876,6013.929935374973
663,0.9946809999045164,3485.5678501807515,2931.1345562813967
664,0.995679365813253,3063.9357453687007,5465.919131899565
665,0.9958809790025893,2521.6347663730076,8098.891474660106
666,0.9958726841007479,2748.981662015471,6073.711569767741
667,0.9958821157474881,2784.4459875876455,8790.258667368656
668,0.9962108455453832,2979.170558702396,5277.562446222963
669,0.9952875489838433,3153.0818465645257,6341.462770286411
670,0.9954229375520202,2992.754246171152,6772.420942196162
672,0.9958960726085694,3191.98269851287,4161.957793324597
673,0.9951053128475291,3139.413982411588,6077.791704748728
674,0.9956832210026414,3445.177099254937,3611.274808804794
675,0.9954812096057012,3170.890537229101,3920.801143753652
676,0.9951973883457255,3493.2177741071296,2901.0811948572873
677,0.9957762517530905,3281.849552526599,4050.8765369000316
678,0.9955988454351116,3399.7386658705204,3116.7361727795283
679,0.9956091985861834,3164.29169615074,4155.408752713639
680,0.9961522683302876,3023.4652654558495,5277.218656485789
681,0.9945431815856658,3629.3875060307846,3828.731752613938
683,0.9950588075045899,3372.2582773780323,4047.6775154084835
684,0.9958228434481172,3066.9381390443536,6062.985728278814
685,0.995993030123153,3088.092487048647,5053.636213649088
686,0.9955817287054766,3136.4541515299916,4139.371620467037
687,0.9960978553297382,2741.698648520082,9275.654772072407
688,0.9958244008496984,3056.2307637811523,4795.654229115
689,0.9957582402986493,2945.3589831570443,4829.480877246536
690,0.9959639618372992,3017.9961041265583,6931.390892321631
691,0.9950295043955705,3177.5159065294065,6085.166192088253
692,0.9958531948307735,2880.610507263891,5142.407964452897
693,0.9959505997008615,2881.424850693535,5145.787934271498
696,0.9961370309844543,2695.1182970084296,7170.5059974555525
697,0.9956038820592135,3132.978240246768,4213.914836976135
698,0.995548801654506,2776.7915338471516,9405.263886844115
699,0.9955250584043218,2853.370297581556,5278.69187729044
700,0.9957323484013084,3047.306811710173,4456.401556200244
701,0.9953714798171354,3501.0989992635155,2747.4640826527616
702,0.9958863936264825,2854.1910374285685,7318.7753826641
703,0.9955310607768709,3274.3332208860456,3540.904270638032
704,0.99552474681974,3482.008034904313,2851.5925782726217
705,0.9950517513085422,3170.7428493083157,4901.403298718557
707,0.9955142029208572,3247.04893396512,4431.9157706549695
709,0.9956526929990128,3084.316571221203,6539.624727985646
710,0.9958943485780489,2665.363127925808,6432.069060948781
711,0.9958881436351953,2965.0865679828325,8923.208031461896
712,0.9957732978576134,3002.112179743853,5235.250443086649
713,0.9963104948933807,2934.848960917589,5626.697722449518
714,0.9956463038528538,2853.9994261728134,6651.973553918362
715,0.9956003280193633,3064.537844734412,4220.1720552452325
716,0.9952220886786618,2702.8322414882723,9752.941340341004
717,0.9947847479670479,3341.7210037548857,4276.317780367421
718,0.9959710948484859,2952.148322208141,5530.969047156736
719,0.9961063120851574,2747.4671964190015,5632.5097385567415
720,0.9966022934089145,2521.6970656908575,6416.744060674666
721,0.9947179165677266,3547.741541623321,2724.96106671841
722,0.995505942097001,3021.0795790589423,7342.968185472181
723,0.9948027564172619,3553.311766231642,3906.961149643996
724,0.9961748433920938,2615.9044625386496,9747.058933437327
725,0.9959624685121361,2817.79370207696,5572.667878993268
726,0.9945901031895144,3628.9945482019793,3772.8275851596068
727,0.9950326262784924,3307.6408401294116,3883.243482497541
728,0.995411419343601,3199.818104057925,4109.8356748876095
729,0.9963036017661425,2643.901513342124,7444.578146387408
730,0.9958908381961964,3092.625679966771,4555.879917230052
731,0.9950929858876544,3440.9409334687816,3664.153875372436
732,0.9954783300721005,3519.0770108843044,3009.54120089739
733,0.9959210632971445,2958.3964315572725,4745.247280531147
734,0.9954676077044181,3133.65551158543,4196.64589624997
735,0.9956037497045068,3219.6245520261955,3906.979732253852
736,0.996029110080484,2906.7397368765733,4707.939395996463
737,0.995077634921351,3566.4701636806,2684.6614071891036
738,0.9958191214418998,3125.6080784816368,7110.848919557472
739,0.9960831595734454,3057.2665506075487,4867.35348512386
740,0.9955071063522686,3216.156914738407,4237.7559615792015
741,0.9961197879459244,2739.541943165331,6333.685828061895
742,0.9957137410319628,3109.4947171464096,5462.719136565757
743,0.9954927582546939,3368.5886008238267,3429.6498087157725
744,0.9965040280947082,2578.6901932857845,6705.1544930273785
745,0.9956705999567651,2971.2604858511004,4818.993410650974
746,0.9958144899921131,3048.8972718586183,5031.241098862096
747,0.9957963534109007,3017.2493750466206,5170.439758806093
748,0.9954858014452171,3032.118914327279,4235.67489465843
749,0.9956706934100045,2965.654208117296,10192.04236858404
750,0.9950899710890927,3130.602036737964,5142.924730930841
751,0.9958216905779024,3013.3397731036125,8487.156046482294
753,0.9954406123554157,3223.0225097993566,4316.870874459636
755,0.9955790186658118,3222.571198310835,4950.959839984659
756,0.9962427923580589,2794.925608853326,5425.009310193468
757,0.9958038951712095,2827.033325911034,7395.036746904416
758,0.9956295525168148,2936.012264461515,6406.743263281335
759,0.995582078561275,3257.308933914697,4430.307406115566
760,0.9959365752745314,2835.03202838632,5048.647436680865
761,0.9962505741002886,2713.750987221198,5937.912181549433
762,0.9954495695625497,2998.520858100059,5483.768056039748
763,0.9959399233250601,2940.1039380993593,5038.293105330379
764,0.9953595475231959,3695.020903261632,2165.9914454690247
765,0.9956376842747306,2732.5953371121236,7793.340402066414
767,0.9954555234555656,2860.7210176318845,6558.196374131341
768,0.9958317778383823,2925.8635090688213,6442.376424282595
769,0.9955920110377494,3096.6879411468353,5900.39158818966
770,0.9963046575491209,2737.5362555669412,10453.395610514388
771,0.9955866632699054,3019.8647851725113,5828.624302888616
772,0.9954099528294078,2842.8268764366917,7563.767580108854
773,0.994540384207678,3396.642131570367,9156.84766913728
774,0.995627978405039,3155.5051536135384,4640.438156342677
775,0.996238260779331,2597.8426240117697,10508.26216946943
777,0.9958653926524708,2904.1548697199896,5093.492872219152
779,0.995782348340279,2918.1961076392954,5377.0349025544565
780,0.9958815456609291,3070.073833336111,5450.462296027254
781,0.9956735108024211,2930.838657185089,6639.332431837319
782,0.9948211021362101,3328.3031465593845,7834.108788896283
783,0.9957972336619594,2958.436018919244,6207.650073707907
784,0.9957102377207365,3113.295518357897,4919.138725140867
785,0.9957475041352266,3193.189519658396,4617.691669646455
786,0.9962592225053618,2763.838396268509,6647.14517529158
789,0.995547674958729,3150.5670197496424,4716.227557796723
790,0.9952828666957385,3083.537759076987,5156.247828729107
791,0.9952183543769829,3008.409324883034,5460.622581583901
792,0.9963239665174632,2723.4317754915955,6020.096626959069
793,0.9951726656669951,3122.4806494192585,4464.328810209334
794,0.9950624452373334,3165.019003485026,5400.1461599860295
795,0.9960609327954453,2823.2126466134587,7512.223912786047
796,0.9954032022415112,3600.3391659221215,2430.2737304797606
797,0.9951461541993109,3179.9569857366305,5634.104337359373
798,0.9957387168016814,2977.5099503630518,5655.986529125186
799,0.9949561566666031,3258.8876003529867,8230.847391229887
800,0.9955144691015259,3113.933630870049,4256.202973747869
801,0.9954953215626501,3507.8598975506447,4021.5604154923826
802,0.9948517371009242,3096.266560637414,7202.6629389086
803,0.9958341061200128,2998.5282573109803,5226.59990408821
804,0.9958976972402953,3177.1332815256346,4568.063668826578
805,0.9960031746352431,2825.6884742627817,5327.58589258304
806,0.9950879321416014,3146.1279403680915,4287.905577588631
807,0.9956727687781135,3017.5380022008767,4956.853508638097
808,0.9958424337935422,2694.463173290442,8117.81338770041
809,0.9952827847446674,3015.110030233248,7333.588460273231
810,0.995519084786688,3189.570651294301,3973.099060544563
811,0.995742810436253,3017.5792519791553,5620.496816518476
812,0.996138874009986,2800.6737123981584,6043.11282195779
814,0.9947870224720216,3570.0282792990442,2783.0525516358443
815,0.9956306633284143,3250.8592112215283,4382.775335724656
816,0.9960472070000227,2703.3022023466774,6346.886679760417
817,0.9951399442710387,3250.7903023582717,4966.3076891736255
818,0.9955329267408292,2928.13624753992,7088.188540291222
820,0.9956399949862064,2680.6182567660294,9558.08075345167
821,0.9954304949828525,3262.2147807268093,3679.4940122434105
822,0.9958010547919816,2884.0323251696095,6011.841686541617
823,0.9959720823991068,2936.6457077131513,6173.302834650887
824,0.9959773101935038,2692.1241091636152,7147.98643976436
825,0.995618596245841,3368.2206222104237,4977.57059094972
826,0.995896833678771,2821.604290393867,5049.0633816451955
827,0.9957641062220083,3146.004646383342,4588.23969700514
828,0.9956286539142605,3141.8374532767657,4838.194490273171
829,0.9955807772927189,3048.051839946602,6374.9743142352545
830,0.9953877453608045,2915.200705041338,10325.59858681918
831,0.9958227431885904,2987.114694099925,4941.449524424118
832,0.9952601473033134,3100.368581919016,5909.15283485316
833,0.995544340334311,3559.842566451595,2553.5220923885927
834,0.9946644051586759,3454.651566745292,5709.200964182028
835,0.9958074760031135,3005.8724551157034,5253.196610260152
837,0.995566198148054,3124.8203545955616,4859.777667213361
838,0.995443486191477,3329.281782306991,3529.0642623287213
839,0.9949355631787206,3457.132597869637,3651.1369752179
841,0.9960236593936417,3147.7379565102638,4143.094451837406
842,0.9950317729044996,3262.3909990683983,4604.696499782238
844,0.9954487056513868,3273.4949158818786,4472.380525398054
845,0.9950860920245886,3396.361532415517,3465.691970946558
846,0.9964121295058286,2538.3609889075315,8092.709200173134
847,0.9960343222423652,2880.350146247023,6528.680093216181
848,0.9957462448472768,2933.226461062803,5265.136154668749
849,0.9958685653598376,2789.4829056944423,10242.855274098416
850,0.9958446195156248,3143.747551054778,5047.286813858019
851,0.9949013256081128,3665.117001470679,3692.11077524035
852,0.9951496064474569,3235.282528384359,5568.937492155965
853,0.995606446514954,3056.854583676466,4692.723719410553
854,0.9955181735240677,2936.3524273837993,5558.508166787521
855,0.9955266345751798,2981.084618834308,6107.957305742381
857,0.9952112199964513,3288.890313165979,4145.451311468322
858,0.9950360728333678,3397.3647770173316,3945.478531304218
859,0.995648423589593,3123.0046657557627,5386.564060235905
860,0.9959937026706205,2612.3691172732365,7578.737967496362
861,0.9956400770707683,3247.8449623331917,4383.404715613298
863,0.995579778141157,3217.0938280157784,5110.727053691728
865,0.9957949086418961,3193.602883079832,3909.3503640163117
866,0.9953654263511796,2984.0008010486386,6345.883940992784
867,0.995458440774811,2965.207438238111,5169.0925471460305
868,0.9957197534807526,2969.9528821864246,4682.631340645486
869,0.9952799187839387,3521.98596779405,2649.143127714707
870,0.9950070166351794,3349.737853131348,6457.243145753794
871,0.9952632896889588,2874.7180512543814,7126.9781997841865
872,0.99580093944022,3084.3019047441985,4112.982791000604
873,0.9960069650487602,2746.4099359534334,5614.655751963224
874,0.995591342380695,3373.318025493176,4260.049393188494
875,0.9952935308135327,3485.229781253449,3126.9162023500417
876,0.9960679967209427,2719.8622089407004,7949.542468463093
877,0.9959751470779928,3001.9907756905645,4622.863594639242
878,0.9949919665905316,3314.0304118142076,5425.700292679439
879,0.9951355646066791,3612.9893803090204,2458.3184505863833
880,0.995250784104241,2686.575027058383,7920.037837655475
881,0.995723396489909,2803.984161208757,5666.619387178966
883,0.995360503138118,3117.434190603471,4334.219443587016
884,0.995571638600085,2890.782445527444,6743.096726718056
885,0.9962678989311101,2631.6755008986324,6513.056646748212
886,0.9956710974224147,3087.9887210107267,4536.419444850357
887,0.9957726687849615,3111.9978075058184,4257.145958672912
888,0.9956409360064334,3185.8518280648136,7364.90809740891
889,0.9960513973223538,2721.4095370079053,6038.150363797778
890,0.9959514097927975,2872.8250812112374,10201.148849076446
891,0.996545156064531,2620.3702202386726,6119.644814884874
892,0.9954314434948999,3114.2745364727234,4728.412749281357
893,0.9957076621588775,3199.4091834489454,4195.110463896423
895,0.9957292121161958,2891.382728977385,6268.500757472888
896,0.9952689643998466,3415.5954851166784,3281.303315654484
897,0.9953907734642733,3204.74343588503,8126.587506152012
898,0.9954437165910416,3383.01062360664,3370.723884210611
899,0.9951761470855052,2915.7010439893315,6098.118889431248
900,0.9955735670820899,2778.1424970467333,7260.124860819718
901,0.9958719000896621,3056.46413355745,4475.81098602501
903,0.9949751542935314,3156.9659022557576,6203.34844596148
905,0.9958795913951308,2894.8464165863434,6184.286245277313
906,0.9950971387361948,3088.4488957221033,5986.5398569254185
907,0.9950261074818793,3506.415896840678,3059.904585273388
908,0.9959986843870435,2940.806446851554,5396.495953075866
909,0.995663261578217,3320.6813902754266,3320.658141213385
910,0.9955603834913747,3130.656857646153,4342.33323417332
911,0.99625773000458,2471.8831115688336,7532.430133053159
912,0.9948834404429578,3268.1028035174504,6187.5517306462025
913,0.9954062980992446,2925.524396500365,9121.764376706878
914,0.9959635767185717,3181.731238642959,4133.4589387010465
915,0.9962631982593967,2633.164172122856,5911.718569925686
917,0.9952227464818804,3234.637448692768,4888.013068349288
918,0.9954168846244598,2921.3201911445167,5795.7057325765545
919,0.9955199599813022,3201.06099802243,4085.2340904304556
920,0.9953008969986251,3307.495069241702,3644.2807962762413
922,0.995385617852512,3508.51068432494,2831.2514839361747
923,0.9949743956124577,3150.078262594389,4125.987137869793
925,0.9950925711710086,3313.7468860759727,5665.954276886726
926,0.9952088595670728,3040.760170640899,4862.220886228454
927,0.9955545623967066,3005.277687807216,5029.61233985932
928,0.9956579954714183,3051.9549687423932,7512.041596547405
929,0.9951599505562329,3003.370440520077,8315.142666425256
931,0.9957678493117,2628.012827754684,6856.18700259131
932,0.9959889850911158,3044.3162647383574,4380.5944591212165
933,0.9962820292969863,2581.6158917782473,8649.603519086631
935,0.9960390579850874,2916.429703938024,5038.971029684297
936,0.9952408002559061,3299.793543768168,6758.02856147939
937,0.9954176180523222,3438.5747576346516,3226.8169967438535
938,0.9959450414270934,2845.5564791615184,5166.513070627348
939,0.9962616557435188,2728.819245348702,6494.389256341169
940,0.995495189299267,3173.701578635203,5147.2431070969515
941,0.9951764444835793,3314.734912342757,3559.932018953136
942,0.9955640853081372,3072.1114369063134,6300.17105957217
943,0.9960590060695493,2845.2564043153375,6032.343907691327
944,0.9955709207741992,3108.046609248863,4186.268024689912
945,0.9959126680888591,2675.297471521445,10140.328224993586
947,0.9954355428937088,3090.711503949618,5231.005073322944
948,0.9955541692032178,3126.5668041828844,4337.634774583361
950,0.9949504220212061,3194.1230790423283,3977.6639172136925
951,0.9946420447011597,3510.3293456825863,4332.837597408755
952,0.995085147767204,3193.3099007225455,3649.870153809602
953,0.995436210835417,3262.6655045135512,7931.161252440444
954,0.9951434283170938,3137.4089017544625,5726.405546749402
956,0.9957619051382701,3046.6976584422837,7272.132427091064
957,0.9946716209021919,3542.563567016763,3136.50532461751
958,0.9959187238841988,2907.9518629575646,6290.016602702391
959,0.9953737273698862,3026.5356567526437,5072.806183485653
960,0.9959420415610124,3198.0128443815574,4260.188557853655
961,0.9951527087418139,2850.489597164928,6743.424775194947
962,0.9962812266304343,2532.5758053295135,6097.974815138337
964,0.9952462774986214,2970.4897905940975,4838.159335109516
965,0.9955860080170672,2982.483873206595,6783.433840696915
966,0.9956768899771237,3278.6011126697476,3767.9009218866804
967,0.99590283336326,2840.8574941665897,6161.863784452695
968,0.9955082599914269,2704.6439947409335,5476.912673672566
969,0.994928936552199,3440.0210437079572,3909.2470428482375
970,0.9954307771526077,2916.9794278354866,5775.914939979187
971,0.9957599119679069,2672.935321254163,8277.04482465334
972,0.9953323984996553,2989.499443423349,5767.295454754856
973,0.9954558842837743,2965.292107799593,5332.266401305583
974,0.9949887602797893,3361.3990281909114,4879.286635299642
975,0.9957461537480014,2922.347431037418,5151.888741001418
976,0.9951382389912542,3131.204669960118,6349.602674243937
977,0.9951107531303023,3435.8433596239447,3078.8408493754137
978,0.9956899428507467,2826.9516941554575,8581.798209036806
979,0.9962142712608134,2784.766040740648,8098.350660773532
980,0.9952565955496222,3200.3254696517056,5894.929767971675
981,0.996282900623071,2878.9447886338908,5072.979968138392
982,0.9959661419961862,2541.8162169877687,7961.137651432981
985,0.9959550864187668,2832.143580511726,8297.34786235825
986,0.9957112373356322,3128.962157068737,4169.6040072964015
987,0.9955133513907772,3417.41967532488,3534.527369737502
988,0.9957726306335021,3234.167019069762,3933.6040577057597
989,0.996108103084741,2999.2185477571697,6113.615504795873
990,0.9959927459315285,2890.7516448800566,9067.735615155118
991,0.9951257384661164,3312.9949521729013,3607.338293313789
992,0.9959816998728648,2948.8288311376264,5723.219389539231
993,0.9960632160811627,3141.3364058552643,4034.3873924912186
994,0.995786855193872,3134.6524338016093,4027.81293490686
995,0.9958353957738608,3016.0080590336115,4247.165719006428
996,0.9961275952194777,3010.289085317438,4610.154780591533
997,0.9962495328477902,2972.2066954205147,4543.2141384645265
998,0.995662496004078,3118.203146057836,4294.546850203449
999,0.9957891459859008,3297.874015441191,3377.5896028222364
1000,0.9954334075358467,2820.8668816350455,8492.167579173645
