Date,Open,High,Low,Close,Volume
31/1/1950,16.66,17.09,16.65,17.05,25999998
28/2/1950,17.05,17.35,16.99,17.22,21027780
31/3/1950,17.24,17.61,17.07,17.29,24111109
30/4/1950,17.34,18.07,17.34,18.07,30088890
31/5/1950,18.22,18.78,18.11,18.78,27366665
30/6/1950,18.77,19.4,17.44,17.69,25366667
31/7/1950,17.64,17.91,16.68,17.84,24761113
31/8/1950,18.02,18.82,17.95,18.42,21611110
30/9/1950,18.55,19.45,18.54,19.45,21438887
31/10/1950,19.69,20.16,19.53,19.53,29566666
30/11/1950,19.56,20.32,19.36,19.51,26194448
31/12/1950,19.66,20.43,19,20.41,36283333
31/1/1951,20.77,21.74,20.69,21.66,42866667
28/2/1951,21.77,22.21,21.76,21.8,25688889
31/3/1951,21.85,21.95,21.25,21.4,22061108
30/4/1951,21.32,22.43,21.26,22.43,21322222
31/5/1951,22.53,22.81,21.03,21.52,23738888
30/6/1951,21.48,22.05,20.96,20.96,20122223
31/7/1951,21.1,22.63,21.1,22.4,15549999
31/8/1951,22.51,23.28,22.51,23.28,18683331
30/9/1951,23.28,23.71,23.26,23.26,20233334
31/10/1951,23.47,23.85,22.45,22.94,25994447
30/11/1951,23.1,23.1,22.3,22.88,15905555
31/12/1951,22.94,23.77,22.94,23.77,19533335
31/1/1952,23.8,24.66,23.74,24.14,22861110
29/2/1952,24.3,24.41,23.09,23.26,16911112
31/3/1952,23.28,24.37,23.28,24.37,18438891
30/4/1952,24.18,24.18,23.32,23.32,17700002
31/5/1952,23.17,23.94,23.17,23.86,14872221
30/6/1952,23.8,24.96,23.78,24.96,14183333
31/7/1952,25.12,25.4,24.81,25.4,13388890
31/8/1952,25.45,25.55,24.83,25.03,11605554
30/9/1952,25.15,25.25,24.45,24.54,13388889
31/10/1952,24.48,24.58,23.8,24.52,14411112
30/11/1952,24.6,25.66,24.6,25.66,16783336
31/12/1952,25.68,26.59,25.61,26.57,22488888
31/1/1953,26.54,26.66,25.86,26.38,18922224
28/2/1953,26.51,26.54,25.48,25.9,16761113
31/3/1953,25.93,26.33,25.29,25.29,23616666
30/4/1953,25.25,25.25,24.19,24.62,19094443
31/5/1953,24.73,25.06,24.46,24.54,14294445
30/6/1953,24.15,24.22,23.54,24.14,14488888
31/7/1953,24.24,24.75,24.07,24.75,12355557
31/8/1953,24.84,24.84,23.32,23.32,13272225
30/9/1953,23.42,23.65,22.71,23.35,15083334
31/10/1953,23.49,24.58,23.39,24.54,14283332
30/11/1953,24.66,24.76,24.25,24.76,14799999
31/12/1953,24.78,24.99,24.55,24.81,20083334
31/1/1954,24.95,26.09,24.8,26.08,18566666
28/2/1954,25.99,26.3,25.81,26.15,18477778
31/3/1954,26.25,26.94,26.25,26.94,24472223
30/4/1954,27.17,28.26,27.01,28.26,24166665
31/5/1954,28.21,29.19,28.21,29.19,23277778
30/6/1954,29.19,29.43,28.15,29.21,23461112
31/7/1954,29.21,30.88,29.21,30.88,28799999
31/8/1954,30.99,31.21,29.83,29.83,31611111
30/9/1954,30.04,32.69,30.04,32.31,22899999
31/10/1954,32.29,32.76,31.68,31.68,24538892
30/11/1954,31.79,34.55,31.79,34.24,35005555
31/12/1954,33.99,35.98,33.99,35.98,42488887
31/1/1955,36.75,36.75,34.58,36.63,41472221
28/2/1955,36.72,37.15,36.44,36.76,33783332
31/3/1955,36.83,37.52,34.96,36.58,36544443
30/4/1955,36.95,38.32,36.83,37.96,29883336
31/5/1955,38.04,38.04,36.97,37.91,25250000
30/6/1955,37.96,41.03,37.96,41.03,32288886
31/7/1955,41.19,43.76,41.19,43.52,26927778
31/8/1955,42.93,43.18,41.74,43.18,23222223
30/9/1955,43.37,45.63,42.61,43.67,33377778
31/10/1955,42.49,42.99,40.8,42.34,23416666
30/11/1955,42.28,46.41,42.28,45.51,25755556
31/12/1955,45.35,45.89,44.95,45.48,28327779
31/1/1956,45.16,45.16,43.11,43.82,26200000
29/2/1956,44.03,45.43,43.42,45.34,25761113
31/3/1956,45.54,48.87,45.54,48.48,33505556
30/4/1956,48.7,48.85,47.09,48.38,30055554
31/5/1956,48.16,48.51,44.1,45.2,29561112
30/6/1956,45.58,47.13,45.14,46.97,20655557
31/7/1956,46.93,49.48,46.93,49.39,25361108
31/8/1956,49.62,49.64,46.94,47.51,24694445
30/9/1956,47.89,48.1,45.35,45.35,20677776
31/10/1956,44.7,47,44.7,45.58,22388889
30/11/1956,46.52,47.6,44.38,45.08,24194443
31/12/1956,45.98,47.04,45.84,46.67,25738888
31/1/1957,46.2,46.66,44.4,44.72,26744446
28/2/1957,44.62,44.62,42.39,43.26,20849998
31/3/1957,43.74,44.23,43.74,44.11,19788890
30/4/1957,44.14,45.74,44.14,45.74,26827778
31/5/1957,46.02,47.43,46.02,47.43,29199999
30/6/1957,47.37,48.24,46.78,47.37,24149998
31/7/1957,47.43,49.13,47.43,47.91,26794442
31/8/1957,47.79,47.79,43.89,45.22,22994444
30/9/1957,45.44,45.44,42.42,42.42,20494445
31/10/1957,42.76,43.14,38.98,41.06,35533332
30/11/1957,40.44,41.72,39.44,41.72,26777776
31/12/1957,41.36,41.54,39.38,39.99,30244444
31/1/1958,40.33,41.88,40.33,41.7,27683333
28/2/1958,42.04,42.46,40.61,40.84,22327776
31/3/1958,41.13,42.58,41.13,42.1,25933333
30/4/1958,41.93,43.44,41.33,43.44,27927777
31/5/1958,43.54,44.09,43.12,44.09,30055555
30/6/1958,44.31,45.34,44.31,45.24,31449999
31/7/1958,45.28,47.19,45.11,47.19,38572221
31/8/1958,47.49,48.16,47.22,47.75,34611112
30/9/1958,48,50.06,47.97,50.06,39966665
31/10/1958,49.98,51.62,49.98,51.33,52788887
30/11/1958,51.56,53.24,51.02,52.48,41305555
31/12/1958,52.69,55.21,52.46,55.21,42188890
31/1/1959,55.44,56.04,54.89,55.45,46244444
28/2/1959,55.21,55.52,53.58,55.41,36549999
31/3/1959,55.73,56.67,55.44,55.44,45794446
30/4/1959,55.69,58.17,55.69,57.59,42133335
31/5/1959,57.65,58.68,56.88,58.68,39416665
30/6/1959,58.63,58.63,56.36,58.47,35727779
31/7/1959,58.97,60.62,58.91,60.51,39388889
31/8/1959,60.71,60.71,58.27,59.6,28361112
30/9/1959,58.87,58.92,55.14,56.88,31944444
31/10/1959,56.94,57.52,56,57.52,34072222
30/11/1959,57.41,58.28,56.22,58.28,35833332
31/12/1959,58.7,59.89,58.6,59.89,40116668
31/1/1960,59.91,60.39,55.61,55.61,35511112
29/2/1960,55.96,56.82,54.73,56.12,33611111
31/3/1960,56.01,56.01,53.47,55.34,36505556
30/4/1960,55.43,56.59,54.37,54.37,31833335
31/5/1960,54.13,55.83,54.13,55.83,38216666
30/6/1960,55.89,58,55.89,56.92,42488889
31/7/1960,57.06,57.38,54.17,55.51,29922222
31/8/1960,55.53,58.07,54.72,56.96,36294446
30/9/1960,57.09,57.09,52.48,53.52,33799998
31/10/1960,53.36,54.86,52.2,53.39,30205556
30/11/1960,53.94,56.43,53.94,55.54,34450000
31/12/1960,55.3,58.11,55.3,58.11,42961112
31/1/1961,57.57,61.97,57.57,61.78,49450000
28/2/1961,61.9,63.44,61.14,63.44,51516666
31/3/1961,63.43,65.06,63.38,65.06,63916666
30/4/1961,65.6,68.68,64.4,65.31,56533333
31/5/1961,65.17,67.39,65.17,66.56,53855555
30/6/1961,66.56,67.08,64.47,64.64,40605555
31/7/1961,65.21,66.76,64.41,66.76,33800000
31/8/1961,67.37,68.44,66.94,68.07,45272222
30/9/1961,68.19,68.46,65.77,66.73,35455558
31/10/1961,66.77,68.62,66.73,68.62,40544448
30/11/1961,68.73,71.85,68.73,71.32,48761110
31/12/1961,71.78,72.64,70.86,71.55,45766668
31/1/1962,71.55,71.96,67.55,68.84,44883332
28/2/1962,68.84,71.13,68.56,69.96,36738890
31/3/1962,69.96,71.44,69.16,69.55,38022223
30/4/1962,69.55,69.82,64.95,65.24,36244446
31/5/1962,65.24,66.93,53.13,59.63,61683334
30/6/1962,59.63,59.96,51.35,54.75,55644443
31/7/1962,54.75,58.67,54.47,58.23,41200002
31/8/1962,58.23,60.33,56.76,59.12,44666665
30/9/1962,59.12,59.54,55.53,56.27,34938889
31/10/1962,56.27,57.83,52.55,56.52,43716667
30/11/1962,56.52,62.78,55.9,62.26,53344444
31/12/1962,62.26,63.5,61.28,63.1,44927778
31/1/1963,63.1,66.59,62.32,66.2,56650000
28/2/1963,66.31,66.96,64.08,64.29,43955555
31/3/1963,64.29,67.01,63.8,66.57,41533335
30/4/1963,66.57,70.18,66.23,69.8,59049999
31/5/1963,69.8,71.14,69.03,70.8,58372220
30/6/1963,70.8,71.24,68.78,69.37,50322224
31/7/1963,69.37,70.48,67.54,69.13,42394446
31/8/1963,69.13,72.71,68.64,72.5,50916665
30/9/1963,72.5,73.87,71.28,71.7,59233335
31/10/1963,71.7,75.18,71.57,74.01,67977777
30/11/1963,74.01,74.44,69.48,73.23,52216666
31/12/1963,73.23,75.36,73.02,75.02,54811110
31/1/1964,75.02,77.78,74.82,77.04,64788887
29/2/1964,77.04,78.31,76.36,77.8,48950001
31/3/1964,77.8,79.89,77.5,78.98,63199999
30/4/1964,78.98,81.2,78.67,79.46,68605554
31/5/1964,79.46,81.81,78.44,80.37,55083333
30/6/1964,80.37,82.1,78.15,81.69,53416667
31/7/1964,81.69,84.33,81.46,83.18,56994444
31/8/1964,83.18,83.49,80.8,81.83,45711112
30/9/1964,81.83,84.8,81.57,84.18,60983332
31/10/1964,84.18,85.7,83.65,84.86,59194445
30/11/1964,84.86,86.8,84.1,84.42,52022222
31/12/1964,84.42,85.18,82.65,84.75,57783331
31/1/1965,84.75,88.19,83.77,87.56,60627777
28/2/1965,87.56,88.06,85.25,87.43,62377779
31/3/1965,87.43,87.93,85.65,86.16,69349998
30/4/1965,86.16,89.64,85.87,89.11,66177782
31/5/1965,89.11,90.68,87.24,88.42,61216668
30/6/1965,88.42,88.8,80.73,84.12,71200000
31/7/1965,84.12,86.47,83.3,85.25,47305558
31/8/1965,85.25,87.79,84.8,87.17,60594443
30/9/1965,87.17,91.13,86.69,89.96,86211112
31/10/1965,89.96,93.19,89.3,92.42,91161112
30/11/1965,92.42,93.3,90.81,91.61,81727779
31/12/1965,91.61,93.07,89.2,92.43,106138888
31/1/1966,92.43,94.64,91.63,92.88,101616668
28/2/1966,92.88,94.72,90.43,91.22,92105556
31/3/1966,91.22,91.65,86.69,89.23,106311111
30/4/1966,89.23,93.02,88.96,91.06,103422223
31/5/1966,91.06,91.75,83.18,86.13,95161110
30/6/1966,86.13,87.74,83.75,84.74,78027778
31/7/1966,84.74,88.19,83.05,83.6,66561111
31/8/1966,83.5,84.7,73.91,77.1,90238892
30/9/1966,77.1,80.81,75.03,76.56,66683333
31/10/1966,76.56,80.91,72.28,80.2,81227780
30/11/1966,80.2,83.01,78.89,80.45,80988888
31/12/1966,80.45,83.88,79.49,80.33,91705554
31/1/1967,80.33,88.17,79.43,86.61,115227778
28/2/1967,86.61,89,85.61,86.78,101638889
31/3/1967,86.78,91.72,86.67,90.2,124800001
30/4/1967,90.2,94.77,87.86,94.01,104249998
31/5/1967,94.01,95.25,88.71,89.08,121344446
30/6/1967,89.08,93.28,87.19,90.64,118105554
31/7/1967,90.64,95.51,90.12,94.75,120405555
31/8/1967,94.75,96.67,92.01,93.64,115444444
30/9/1967,93.64,98.31,93,96.71,113866667
31/10/1967,96.71,98.25,93.29,93.3,124877777
30/11/1967,93.3,95.51,90.09,94,117461110
31/12/1967,94,96.9,93.41,96.47,127477777
31/1/1968,96.47,97.84,91.27,92.24,145983334
29/2/1968,92.24,93.44,86.73,89.36,96877779
31/3/1968,89.36,91.09,86.99,90.2,107005556
30/4/1968,91.11,98.61,91.11,97.46,164122224
31/5/1968,97.46,100.19,95.8,98.68,162211109
30/6/1968,98.72,102.84,98.72,99.58,142938887
31/7/1968,99.58,103.67,96.84,97.74,134694445
31/8/1968,97.74,99.67,95.79,98.86,107761110
30/9/1968,98.86,103.63,98.31,102.67,126833334
31/10/1968,102.67,105.78,101.8,103.41,151222224
30/11/1968,103.41,109.09,101.85,108.37,139916666
31/12/1968,108.37,109.37,102.98,103.86,148600001
31/1/1969,103.86,104.87,96.63,103.01,148111110
28/2/1969,103.01,104.61,97.36,98.13,115272221
31/3/1969,98.13,102.35,97.06,101.51,110616668
30/4/1969,101.51,104.56,99.08,103.69,131627778
31/5/1969,103.69,106.74,102.29,103.46,142544445
30/6/1969,103.46,103.75,95.21,97.71,130627779
31/7/1969,97.71,100.33,88.04,91.83,126805558
31/8/1969,91.92,96.43,91.48,95.51,112044444
30/9/1969,95.51,96.62,91.77,93.12,121750002
31/10/1969,93.12,98.83,91.66,97.12,172283330
30/11/1969,97.12,99.23,92.24,93.81,118666668
31/12/1969,93.81,94.47,88.62,92.06,151305554
31/1/1970,92.06,94.25,84.42,85.02,122827777
28/2/1970,85.02,90.33,84.64,89.5,126877778
31/3/1970,89.5,91.07,86.19,89.63,118266666
30/4/1970,89.63,90.7,79.31,81.52,123955556
31/5/1970,81.52,82.32,68.61,76.55,143455555
30/6/1970,76.55,79.96,72.25,72.72,125788889
31/7/1970,72.72,79.03,70.69,78.05,126522221
31/8/1970,78.05,82.47,74.13,81.52,121494446
30/9/1970,81.52,84.99,79.95,84.3,168494444
31/10/1970,84.3,87.75,82.29,83.25,145205556
30/11/1970,83.25,87.6,82.23,87.2,127938890
31/12/1970,87.2,92.99,86.11,92.15,186244446
31/1/1971,92.15,96.49,90.64,95.88,193605555
28/2/1971,95.88,99.59,94.92,96.75,206216666
31/3/1971,96.75,102.03,96.11,100.31,216599999
30/4/1971,100.31,105.6,99.63,103.95,223100001
31/5/1971,103.95,104.42,98.68,99.63,170755557
30/6/1971,99.63,102.07,96.92,98.7,168661113
31/7/1971,99.16,101.52,95.08,95.58,147355555
31/8/1971,95.58,101.51,92.81,99.03,178066666
30/9/1971,99.03,102.25,96.97,98.34,140400001
31/10/1971,98.34,100.96,92.96,94.23,155600001
30/11/1971,94.23,96.08,89.34,93.99,153561113
31/12/1971,93.99,102.21,93.95,102.09,209822224
31/1/1972,102.09,105,100.87,103.94,210827777
29/2/1972,103.94,107.16,103.1,106.57,209033334
31/3/1972,106.57,109.75,105.86,107.2,224250000
30/4/1972,107.2,111.11,106.18,107.67,204438890
31/5/1972,107.67,111.48,103.83,109.53,186583337
30/6/1972,109.53,110.51,105.94,107.14,174727780
31/7/1972,107.14,110.27,104.43,107.39,160499999
31/8/1972,107.39,113.45,107.06,111.09,198294445
30/9/1972,111.09,112.12,107.35,110.55,136772221
31/10/1972,110.55,112.26,106.27,111.58,176277775
30/11/1972,111.58,117.91,111.32,116.67,225316668
31/12/1972,116.67,119.79,114.63,118.05,191516667
31/1/1973,118.06,121.74,114.97,116.03,218750001
28/2/1973,116.03,118.98,109.8,111.68,176772221
31/3/1973,111.68,115.61,107.41,111.52,190777778
30/4/1973,111.52,113.65,105.44,106.97,154438890
31/5/1973,106.97,112.25,101.36,104.95,187366668
30/6/1973,104.95,109.52,101.45,104.26,149277778
31/7/1973,104.1,111.04,100.44,108.22,170988890
31/8/1973,108.17,108.17,99.74,104.25,152477777
30/9/1973,104.25,110.45,102.13,108.43,182816666
31/10/1973,108.43,112.82,107.08,108.29,234944444
30/11/1973,108.29,109.2,94.88,95.96,222166668
31/12/1973,95.83,99.09,91.05,97.55,213544444
31/1/1974,97.55,100.94,91.62,96.57,201750001
28/2/1974,96.57,97.43,89.53,96.22,142672223
31/3/1974,96.22,101.05,93.44,93.98,172000000
30/4/1974,93.98,95.42,88.62,90.31,141261110
31/5/1974,90.31,93.59,85.87,87.28,152861110
30/6/1974,87.28,93.76,85.13,86,136299999
31/7/1974,86,86.89,78.96,79.31,152272222
31/8/1974,79.31,83.53,69.37,72.15,155611111
30/9/1974,72.15,73.01,62.52,63.54,155583334
31/10/1974,63.54,75.9,60.96,73.9,209500000
30/11/1974,73.9,77.41,66.85,69.97,159327778
31/12/1974,69.8,69.8,64.13,68.56,175083334
31/1/1975,68.65,78.69,68.65,76.98,240305555
28/2/1975,76.98,83.56,76,81.59,235355557
31/3/1975,81.59,87.08,80.08,83.36,252005556
30/4/1975,83.36,88.79,79.66,87.3,250750000
31/5/1975,87.3,93.51,86.94,91.15,254161112
30/6/1975,91.32,95.85,89.3,95.19,248333335
31/7/1975,95.19,96.58,87.68,88.75,245377778
31/8/1975,88.75,89.04,82.21,86.88,156372222
30/9/1975,86.88,87.42,81.57,83.87,152844444
31/10/1975,83.87,91.75,82.57,89.04,203077779
30/11/1975,89.04,92.33,87.63,91.24,177116664
31/12/1975,91.24,91.9,86.15,90.19,193872221
31/1/1976,90.19,101.99,89.81,100.86,353238889
29/2/1976,100.86,103.07,98.5,99.71,331183333
31/3/1976,99.71,104.39,98.23,102.77,294222221
30/4/1976,102.77,104.63,99.57,101.64,217922223
31/5/1976,101.64,103.99,98.26,100.18,197727778
30/6/1976,100.18,105.07,97.97,104.28,231794447
31/7/1976,104.28,106.78,102.31,103.44,218755556
31/8/1976,103.44,105.41,100.43,102.91,192600000
30/9/1976,102.91,108.72,102.6,105.24,230416668
31/10/1976,105.24,105.75,99.21,102.9,200772224
30/11/1976,102.9,103.78,98.18,102.1,211677778
31/12/1976,102.1,107.82,101.62,107.46,296972219
31/1/1977,107.46,107.97,100.91,102.03,278677776
28/2/1977,102.03,103.32,98.82,99.82,221355555
31/3/1977,99.82,102.7,97.8,98.42,241494444
30/4/1977,98.42,102.07,96.53,98.44,223922223
31/5/1977,98.44,100.93,95.52,96.12,236566665
30/6/1977,96.12,101.65,95.89,100.48,269527779
31/7/1977,100.48,102.57,97.71,98.85,251377777
31/8/1977,98.85,99.84,95.04,96.77,240916668
30/9/1977,96.77,98.43,94.44,96.53,213150002
31/10/1977,96.53,97.27,90.2,92.34,229705556
30/11/1977,92.19,97.11,90.01,94.83,274822221
31/12/1977,94.83,95.67,91.76,95.1,250538891
31/1/1978,95.1,95.15,88.02,89.25,237855555
28/2/1978,89.25,91.32,86.58,87.04,204777779
31/3/1978,87.04,91.35,86.45,89.21,276433334
30/4/1978,89.2,97.91,88.07,96.83,386444443
31/5/1978,96.83,100.32,94.57,97.24,430972221
30/6/1978,97.24,101.84,93.99,95.53,370161113
31/7/1978,95.53,101.18,93.59,100.68,300827775
31/8/1978,100.68,106.27,99.95,103.29,480527780
30/9/1978,103.29,108.05,100.66,102.54,373494445
31/10/1978,102.54,106.23,91.65,93.15,379077777
30/11/1978,94.13,97.41,91.77,94.7,285894447
31/12/1978,95.01,98.58,92.64,96.11,273577778
31/1/1979,96.11,102.59,95.22,99.93,342072223
28/2/1979,99.93,100.52,95.38,96.28,264283335
31/3/1979,96.28,103.31,95.98,101.59,361000001
30/4/1979,101.56,103.95,100.14,101.76,344805557
31/5/1979,101.76,102.57,97.49,99.08,346522220
30/6/1979,99.08,103.67,98.57,102.91,408727778
31/7/1979,102.91,105.17,100.35,103.81,378188888
31/8/1979,103.81,109.84,103.14,109.32,458361112
30/9/1979,109.32,111.58,105.38,109.32,396633333
31/10/1979,109.19,112.16,99.06,101.82,476627778
30/11/1979,101.82,107.89,99.42,106.16,363138888
31/12/1979,106.16,110.33,105.07,107.94,394561112
31/1/1980,107.94,117.17,103.26,114.16,643466666
29/2/1980,114.16,120.22,111.33,113.66,531405554
31/3/1980,113.66,114.34,94.23,102.09,486916668
30/4/1980,102.09,106.79,98.95,106.29,374522221
31/5/1980,106.29,112.72,103.5,111.24,424955555
30/6/1980,111.24,117.98,109.77,114.24,460922222
31/7/1980,114.24,123.93,113.54,121.67,567649999
31/8/1980,121.67,127.78,119.42,122.38,536477777
30/9/1980,122.38,132.17,121.79,125.46,587616666
31/10/1980,125.46,135.88,124.66,127.47,573216667
30/11/1980,127.47,141.96,127.23,140.52,548949997
31/12/1980,140.52,140.66,125.32,135.76,569805556
31/1/1981,135.76,140.32,128.57,129.55,530844445
28/2/1981,129.48,132.02,124.66,131.27,453505555
31/3/1981,131.27,138.38,128.56,136,652516668
30/4/1981,136,137.72,131.58,132.81,624149999
31/5/1981,132.81,134.92,128.78,132.59,503016671
30/6/1981,132.59,135.67,128.77,131.21,611650000
31/7/1981,131.21,131.78,125.96,130.92,529983336
31/8/1981,130.92,135.18,122.29,122.79,511416667
30/9/1981,122.79,124.58,110.19,116.18,532855557
31/10/1981,116.18,123.28,115,121.89,554199999
30/11/1981,122.35,126.97,119.13,126.35,548844446
31/12/1981,126.35,127.32,121.04,122.55,533038890
31/1/1982,122.55,123.72,113.63,120.4,537966667
28/2/1982,119.81,119.81,110.03,113.11,540105554
31/3/1982,113.11,114.8,104.46,111.96,704827779
30/4/1982,111.96,119.33,111.48,116.44,631383333
31/5/1982,115.96,119.92,111.66,111.88,570255553
30/6/1982,111.97,112.48,107.01,109.61,616961112
31/7/1982,109.52,112.39,105.57,107.09,636216666
31/8/1982,107.71,120.26,102.2,119.51,929316665
30/9/1982,119.52,126.43,117.84,120.42,860022222
31/10/1982,120.4,140.4,120.15,133.72,1149200000
30/11/1982,133.72,144.36,132.89,138.53,1031688887
31/12/1982,138.56,143.68,134.79,140.64,934488889
31/1/1983,140.65,148.36,138.08,145.3,1031999998
28/2/1983,145.29,150.88,141.9,148.06,897472222
31/3/1983,148.07,155.02,148.07,152.96,1056622226
30/4/1983,152.92,164.43,150.17,164.43,992705553
31/5/1983,164.41,166.99,160.29,162.39,1085072221
30/6/1983,162.38,171.6,160.8,167.64,1096588887
31/7/1983,168.11,170.72,161.5,162.56,883427777
31/8/1983,162.34,165.91,158.5,164.4,948016667
30/9/1983,164.4,170.41,163.95,166.07,966561111
31/10/1983,165.99,172.65,162.86,163.55,997011113
30/11/1983,163.55,168.07,161.63,166.4,1008116666
31/12/1983,166.37,166.77,161.58,164.93,1027144445
31/1/1984,164.93,169.54,162.03,163.41,1230922222
29/2/1984,163.41,164,152.13,157.06,1073783335
31/3/1984,157.06,160.46,153.77,159.18,1030511111
30/4/1984,159.18,160.69,154.12,160.05,954183332
31/5/1984,160.05,162.11,148.68,150.55,1077527779
30/6/1984,150.55,155.64,148.53,153.18,1007150000
31/7/1984,153.16,153.87,147.26,150.66,923444445
31/8/1984,150.66,168.8,150.66,166.68,1403844444
30/9/1984,166.68,169.65,163.06,166.1,982588890
31/10/1984,166.1,169.62,160.02,166.09,1172349999
30/11/1984,166.09,170.41,162.99,163.58,976266664
31/12/1984,163.58,169.03,161.54,167.24,989444445
31/1/1985,167.2,180.27,163.36,179.63,1485394445
28/2/1985,179.63,183.95,177.75,181.18,1219233333
31/3/1985,181.18,183.89,176.53,180.66,1196161108
30/4/1985,180.66,183.61,177.86,179.83,1101044442
31/5/1985,179.83,189.98,178.35,189.55,1305744442
30/6/1985,189.55,191.85,185.03,191.85,1176111111
31/7/1985,191.85,196.07,189.3,190.92,1368372219
31/8/1985,190.92,192.17,186.1,188.63,1068444445
30/9/1985,188.63,188.8,179.45,182.08,1033422224
31/10/1985,182.06,190.15,181.16,189.82,1412911110
30/11/1985,189.82,203.4,189.37,202.17,1358538888
31/12/1985,202.17,213.08,200.1,211.28,1557988886
31/1/1986,211.28,214.57,202.6,211.78,1599450001
28/2/1986,211.78,227.92,210.82,226.92,1610611110
31/3/1986,226.92,240.11,222.18,238.9,1785888889
30/4/1986,238.9,245.47,226.3,235.52,1800222221
31/5/1986,235.52,249.19,232.26,247.35,1489022224
30/6/1986,246.04,251.81,238.23,250.84,1472000000
31/7/1986,250.67,253.2,233.07,236.12,1683277778
31/8/1986,236.12,254.24,231.92,252.93,1501055556
30/9/1986,252.93,254.13,228.08,231.32,1759055555
31/10/1986,231.32,244.51,231.32,243.98,1675966668
30/11/1986,243.97,249.22,235.51,249.22,1633794444
31/12/1986,249.22,254.87,241.28,242.17,1811594443
31/1/1987,242.17,280.96,242.17,274.08,2244933333
28/2/1987,274.08,287.55,273.16,284.2,1936277778
31/3/1987,284.17,302.72,282.3,291.7,2202833333
30/4/1987,291.59,303.65,275.67,288.36,2184277780
31/5/1987,286.99,298.69,277.01,290.1,1898722220
30/6/1987,290.12,310.27,286.93,304,1997222222
31/7/1987,303.99,318.85,302.53,318.66,2203555558
31/8/1987,318.62,337.89,314.51,329.8,2256888888
30/9/1987,329.81,332.18,308.56,321.83,2068444445
31/10/1987,321.83,328.94,216.46,251.79,3385833334
30/11/1987,251.73,257.21,225.75,230.3,1994183334
31/12/1987,230.32,253.35,221.24,247.08,2181527779
31/1/1988,247.1,261.78,240.17,257.07,1941500000
29/2/1988,257.05,267.82,247.82,267.82,2051800001
31/3/1988,267.82,272.64,256.07,258.89,2251650000
30/4/1988,258.89,272.05,254.71,261.33,1811533331
31/5/1988,261.36,263.7,248.85,262.16,1795205557
30/6/1988,262.16,276.88,262.1,273.5,2392616666
31/7/1988,273.5,276.36,262.48,272.02,1854705555
31/8/1988,272.03,274.2,256.53,261.52,1848594447
30/9/1988,261.52,274.87,256.98,271.91,1699694445
31/10/1988,271.89,283.95,268.84,278.97,1897311111
30/11/1988,278.97,280.37,262.85,273.7,1568233335
31/12/1988,273.68,280.45,270.47,277.72,1580500002
31/1/1989,277.72,297.51,273.81,297.47,1962344446
28/2/1989,297.47,300.57,286.26,288.86,1786822222
31/3/1989,288.86,299.99,286.46,294.87,1946961109
30/4/1989,294.87,310.45,294.35,309.64,1798472222
31/5/1989,309.64,323.06,304.06,320.52,2081844442
30/6/1989,320.51,329.19,314.38,317.98,2203661110
31/7/1989,317.98,346.08,317.26,346.08,1805016666
31/8/1989,346.08,352.73,339,351.45,2193944447
30/9/1989,351.45,354.13,341.37,349.15,1686122224
31/10/1989,349.15,360.44,327.12,340.36,2229261112
30/11/1989,340.36,346.5,330.91,345.99,1684533335
31/12/1989,346.01,354.1,339.63,353.4,1785233336
31/1/1990,353.4,360.59,319.83,329.08,2107361113
28/2/1990,329.08,336.09,322.1,331.89,1645538887
31/3/1990,331.89,344.49,331.08,339.94,1824044445
30/4/1990,339.94,347.3,327.76,330.8,1556233334
31/5/1990,330.8,362.26,330.8,361.23,1998155557
30/6/1990,361.26,368.78,351.23,358.02,1792377778
31/7/1990,358.02,369.78,350.09,356.15,1874188889
31/8/1990,356.15,357.35,306.18,322.56,2233738890
30/9/1990,322.56,326.53,295.98,306.05,1492933333
31/10/1990,306.1,319.69,294.51,304,2039944442
30/11/1990,303.99,323.02,301.61,322.22,1749872221
31/12/1990,322.23,333.98,321.97,330.22,1731572222
31/1/1991,330.2,343.93,309.35,343.93,2033466666
28/2/1991,343.91,370.96,340.37,367.07,2390650001
31/3/1991,367.07,379.66,363.73,375.22,2182177779
30/4/1991,375.22,391.26,370.27,375.34,2231777778
31/5/1991,375.35,389.85,365.83,389.83,2077611110
30/6/1991,389.81,389.81,367.98,371.16,1810405555
31/7/1991,371.18,387.81,370.92,387.81,1934205554
31/8/1991,387.81,396.82,374.09,395.43,2063233334
30/9/1991,395.43,397.62,382.77,387.86,1811661110
31/10/1991,387.86,393.81,376.11,392.45,2267988887
30/11/1991,392.46,398.22,371.63,375.22,2076455557
31/12/1991,375.11,418.32,371.36,417.09,2308505556
31/1/1992,417.03,421.18,408.64,408.78,2936822221
29/2/1992,408.79,418.08,406.34,412.7,2370894445
31/3/1992,412.68,413.78,401.94,403.69,2259022223
30/4/1992,403.67,416.28,392.41,414.95,2397688890
31/5/1992,414.95,418.75,409.85,415.35,2024433333
30/6/1992,415.35,417.3,399.92,408.14,2366572220
31/7/1992,408.2,424.8,407.2,424.21,2369566664
31/8/1992,424.19,425.14,408.3,414.03,2029900001
30/9/1992,414.03,425.27,412.71,417.8,2235472221
31/10/1992,417.8,421.16,396.8,418.68,2503894443
30/11/1992,418.66,431.93,415.58,431.35,2304872221
31/12/1992,431.35,442.65,428.61,435.71,2708972221
31/1/1993,435.7,442.66,426.88,438.78,2933805557
28/2/1993,438.78,450.04,428.25,443.38,3023583332
31/3/1993,443.38,456.76,441.07,451.67,3203861111
30/4/1993,451.67,452.63,432.3,440.19,3251761113
31/5/1993,440.19,454.55,436.86,450.19,2838133333
30/6/1993,450.23,455.63,442.5,450.53,3080222222
31/7/1993,450.54,451.15,441.4,448.13,2949183332
31/8/1993,448.13,463.56,446.94,463.56,3059000002
30/9/1993,463.55,463.8,449.64,458.93,3084844443
31/10/1993,458.93,471.1,456.4,467.83,3300255555
30/11/1993,467.83,469.11,454.36,461.79,3264783334
31/12/1993,461.93,471.29,461.45,466.45,3217338889
31/1/1994,466.51,482.85,464.36,481.61,3681883334
28/2/1994,481.6,482.23,464.26,467.14,3251722222
31/3/1994,467.19,471.09,436.16,445.77,4013894446
30/4/1994,445.66,452.79,435.86,450.91,3186116668
31/5/1994,450.91,457.77,440.78,456.5,3153316667
30/6/1994,456.5,463.23,439.83,444.27,3251483335
31/7/1994,444.27,459.33,443.58,458.26,2766722222
31/8/1994,458.28,477.59,456.08,475.49,3554861113
30/9/1994,475.49,475.49,458.47,462.71,3418261109
31/10/1994,462.69,474.74,449.27,472.35,3524833333
30/11/1994,472.26,472.26,444.18,453.69,3472911113
31/12/1994,453.55,462.73,442.88,459.27,3528627777
31/1/1995,459.21,471.36,457.2,470.42,3806700001
28/2/1995,470.42,489.19,469.29,487.39,3516722221
31/3/1995,487.39,508.15,479.7,500.71,4329111109
30/4/1995,500.7,515.29,500.2,514.71,3503905556
31/5/1995,514.76,533.41,513.03,533.4,4197605555
30/6/1995,533.4,551.07,526,544.75,4197583333
31/7/1995,544.75,565.4,542.51,562.06,4059977778
31/8/1995,562.06,565.62,553.04,561.88,3970344445
30/9/1995,561.88,587.61,561.01,584.41,3918238888
31/10/1995,584.41,590.66,571.55,581.5,4468511111
30/11/1995,581.5,608.69,581.04,605.37,4223416666
31/12/1995,605.37,622.88,605.05,615.93,4276411115
31/1/1996,615.93,636.18,597.29,636.02,5104472223
29/2/1996,636.02,664.23,633.71,640.43,4861088889
31/3/1996,640.43,656.97,627.63,645.5,4991222222
30/4/1996,645.5,656.68,624.14,654.17,4930877777
31/5/1996,654.17,681.1,630.07,669.12,4956188891
30/6/1996,669.12,680.32,658.75,670.63,4406022223
31/7/1996,670.63,675.88,605.88,639.95,4916588889
31/8/1996,639.95,670.68,639.49,651.99,4100177777
30/9/1996,651.99,690.88,643.97,687.33,4480038888
31/10/1996,687.31,714.1,684.44,705.27,5390927779
30/11/1996,705.27,762.12,701.3,757.02,4868805555
31/12/1996,757.02,761.75,716.69,740.74,5049538888
31/1/1997,740.74,794.67,729.55,786.16,6464349998
28/2/1997,786.16,817.68,773.43,790.82,5397738890
31/3/1997,790.82,814.9,756.13,757.12,5622644442
30/4/1997,757.12,804.13,733.54,801.34,5808266665
31/5/1997,801.34,851.87,793.21,848.28,5614805555
30/6/1997,848.28,902.09,838.82,885.14,6032194443
31/7/1997,885.14,957.73,884.54,954.31,6643400001
31/8/1997,954.29,964.17,893.34,899.47,5892277779
30/9/1997,899.47,960.59,899.47,947.28,6323888891
31/10/1997,947.28,983.12,855.27,914.62,7787366667
30/11/1997,914.62,964.55,900.61,955.4,5652011111
31/12/1997,955.4,986.25,924.92,970.43,6643822225
31/1/1998,970.43,992.65,912.83,980.28,7074350003
28/2/1998,980.28,1051.66,980.28,1049.34,6475861110
31/3/1998,1049.34,1113.07,1030.87,1101.75,7621994443
30/4/1998,1101.75,1132.98,1076.7,1111.75,7586699999
31/5/1998,1111.75,1130.52,1074.39,1090.82,6376188890
30/6/1998,1090.82,1145.15,1074.67,1133.84,7528872223
31/7/1998,1133.84,1190.58,1114.3,1120.67,7886000001
31/8/1998,1120.67,1121.79,957.28,957.28,8373083335
30/9/1998,957.28,1066.11,939.98,1017.01,9285600002
31/10/1998,1017.01,1103.78,923.32,1098.67,10000916665
30/11/1998,1098.67,1192.97,1098.67,1163.63,7472933335
31/12/1998,1163.63,1244.93,1136.89,1229.23,8434138890
31/1/1999,1229.23,1280.37,1205.46,1279.64,9007500001
28/2/1999,1279.64,1283.84,1211.89,1238.33,8086588888
31/3/1999,1238.33,1323.82,1216.03,1286.37,10001388890
30/4/1999,1286.37,1371.56,1282.56,1335.18,10290666667
31/5/1999,1335.18,1375.98,1277.31,1301.84,8822366667
30/6/1999,1301.84,1372.93,1277.47,1372.71,8932872226
31/7/1999,1372.71,1420.33,1328.49,1328.72,8518294443
31/8/1999,1328.72,1382.84,1267.73,1320.41,8788083333
30/9/1999,1320.41,1361.39,1256.26,1282.71,9132611113
31/10/1999,1282.71,1373.17,1233.7,1362.93,10462222222
30/11/1999,1362.93,1425.31,1346.41,1389.07,10213788889
31/12/1999,1388.91,1473.13,1387.38,1469.25,10911494445
31/1/2000,1477.87,1478.38,1350.14,1394.46,11941333334
29/2/2000,1395.56,1444.52,1325.02,1366.42,11617777779
31/3/2000,1366.36,1553.1,1346.46,1498.58,14531222225
30/4/2000,1490.23,1527.13,1339.33,1452.43,11170255554
31/5/2000,1457.14,1481.44,1361.2,1420.64,11054611110
30/6/2000,1426.79,1488.98,1426.03,1454.6,12076833336
31/7/2000,1452.36,1517.25,1414.17,1430.83,10605055554
31/8/2000,1430.37,1525.3,1425.85,1517.68,11313166668
30/9/2000,1520.79,1530.03,1419.45,1436.51,11576833333
31/10/2000,1443.56,1454.57,1306.06,1429.39,14417444445
30/11/2000,1423.1,1438.44,1295.05,1314.95,11406833334
31/12/2000,1319.71,1388.81,1254.19,1320.28,13117111114
31/1/2001,1321.62,1383.37,1274.88,1367.11,15461000000
28/2/2001,1365.38,1376.16,1215.39,1236.81,12024666666
31/3/2001,1237.17,1267.27,1081.19,1160.33,15448116667
30/4/2001,1160.09,1269.3,1092.06,1249.46,14116661111
31/5/2001,1249.38,1315.89,1232,1255.82,13625500000
30/6/2001,1257.83,1286.59,1203.03,1224.79,13748905556
31/7/2001,1225.54,1239.74,1165.57,1211.23,13218727778
31/8/2001,1214.05,1226.29,1124.89,1133.58,12977333333
30/9/2001,1133.48,1155.47,944.07,1040.17,13902938889
31/10/2001,1039.3,1109.73,1026.03,1059.01,16639600001
30/11/2001,1061.1,1163.38,1053.52,1137.88,14627777780
31/12/2001,1135.44,1173.34,1114.5,1148.08,13960316666
31/1/2002,1148.08,1176.97,1081.66,1130.21,16525666669
28/2/2002,1130.2,1130.2,1074.36,1106.73,14470888889
31/3/2002,1106.73,1173.94,1106.73,1147.39,14757333332
30/4/2002,1147.39,1147.84,1063.46,1076.92,15871611110
31/5/2002,1076.92,1106.59,1048.96,1067.14,14947500000
30/6/2002,1067.14,1070.74,952.92,989.82,16656394445
31/7/2002,989.82,994.46,775.68,911.62,23460399999
31/8/2002,911.62,965,833.44,916.07,16276888887
30/9/2002,916.07,924.02,800.2,815.28,15402061112
31/10/2002,815.28,907.49,768.58,885.76,21031283335
30/11/2002,885.76,941.85,872.02,936.31,16222755556
31/12/2002,941.55,954.4,869.42,879.82,14440911110
31/1/2003,881.69,935.11,840.31,855.7,17083099998
28/2/2003,856.53,864.66,806.31,841.15,14019611111
31/3/2003,843.82,895.78,788.9,848.18,16711127779
30/4/2003,849.17,924.24,847.81,916.92,16483116666
31/5/2003,916.8,965.38,902.83,963.59,17195611111
30/6/2003,965.31,1015.33,964.47,974.5,17344111112
31/7/2003,973.83,1015.41,962.1,990.31,17529555555
31/8/2003,989.73,1011.01,960.84,1008.01,13823038889
30/9/2003,1008.01,1040.18,990.34,995.97,16633394445
31/10/2003,997.12,1053.72,997.12,1050.71,17943611112
30/11/2003,1051.75,1063.65,1031.24,1058.2,13590677779
31/12/2003,1061.89,1112.52,1053.52,1111.92,15466183332
31/1/2004,1112.61,1155.37,1105.02,1131.13,18233333332
29/2/2004,1131.92,1158.99,1124.45,1144.94,15547555554
31/3/2004,1146.15,1163.09,1087.48,1126.21,18665499999
30/4/2004,1126.21,1150.57,1107.24,1107.3,17562166667
31/5/2004,1108.88,1127.65,1076.39,1120.68,16292444444
30/6/2004,1120.68,1146.33,1113.4,1140.84,15294166667
31/7/2004,1140.84,1140.84,1078.85,1101.72,16269777778
31/8/2004,1101.72,1109.66,1060.74,1104.24,14770444443
30/9/2004,1103.35,1131.52,1099.31,1114.58,14905483332
31/10/2004,1114.58,1142.05,1090.23,1130.2,17506111110
30/11/2004,1130.2,1188.46,1127.63,1173.82,16922377778
31/12/2004,1173.83,1217.33,1173.76,1211.92,17279166667
31/1/2005,1213.43,1217.9,1163.75,1181.27,17499333333
28/2/2005,1181.26,1212.44,1181.03,1203.6,16276338888
31/3/2005,1204.72,1229.11,1163.69,1180.59,21674527778
30/4/2005,1181.44,1191.88,1136.22,1156.85,24124594443
31/5/2005,1156.85,1199.56,1146.18,1191.5,21845550000
30/6/2005,1191.07,1219.59,1188.3,1191.33,22407800000
31/7/2005,1191.33,1245.15,1183.55,1234.18,20813705553
31/8/2005,1234.86,1245.86,1201.07,1220.33,23350050001
30/9/2005,1219.71,1243.13,1205.35,1228.81,24876394444
31/10/2005,1228.81,1233.34,1168.2,1207.01,27663216665
30/11/2005,1205.85,1270.64,1201.07,1249.48,25057150000
31/12/2005,1249.48,1275.8,1246.59,1248.29,23197850001
31/1/2006,1252.03,1294.9,1245.74,1280.08,27339805558
28/2/2006,1280.08,1297.56,1253.61,1280.66,23811077777
31/3/2006,1281.65,1310.88,1268.42,1294.81,28280577778
30/4/2006,1302.88,1318.16,1280.74,1310.61,24060238890
31/5/2006,1311.1,1326.7,1245.34,1270.09,30173794443
30/6/2006,1270.22,1290.68,1219.29,1270.2,30485144444
31/7/2006,1270.93,1280.42,1224.54,1276.66,25749011112
31/8/2006,1275.76,1306.74,1261.3,1303.81,28047566667
30/9/2006,1303.8,1340.28,1290.93,1335.85,27223022222
31/10/2006,1335.56,1389.45,1327.1,1377.93,31552011111
30/11/2006,1377.76,1407.89,1360.98,1400.63,30746627777
31/12/2006,1400.63,1431.81,1385.93,1418.3,26432655554
31/1/2007,1418.03,1441.61,1403.97,1438.24,31492333333
28/2/2007,1437.9,1461.56,1389.42,1406.81,28802772220
31/3/2007,1402.97,1438.89,1364.14,1420.86,37567916666
30/4/2007,1420.83,1498.02,1416.37,1482.37,31684705556
31/5/2007,1483,1535.56,1476.7,1530.62,36087805555
30/6/2007,1530.62,1540.56,1484.18,1503.35,36290444444
31/7/2007,1503.35,1555.9,1454.22,1455.27,39076350000
31/8/2007,1455.27,1503.41,1370.6,1473.99,50767644446
30/9/2007,1473.99,1538.74,1439.29,1526.75,32116499999
31/10/2007,1526.75,1576.09,1489.56,1549.38,42234766664
30/11/2007,1549.38,1549.38,1406.1,1481.14,47914972224
31/12/2007,1481.14,1523.56,1435.65,1468.36,36012038888
31/1/2008,1468.36,1471.77,1270.05,1378.55,54708522221
29/2/2008,1378.55,1396.02,1316.75,1330.63,43631183333
31/3/2008,1330.63,1359.68,1256.98,1322.7,51771761111
30/4/2008,1322.7,1404.56,1322.7,1385.59,47765905556
31/5/2008,1385.59,1440.24,1373.06,1400.38,44994711111
30/6/2008,1400.38,1404.05,1272,1280,53674466666
31/7/2008,1280,1292.17,1200.43,1267.38,69433649999
31/8/2008,1267.38,1313.15,1247.45,1282.83,47925561111
30/9/2008,1282.83,1303.04,1106.39,1166.36,77781844443
31/10/2008,1166.36,1167.03,839.8,968.75,88790572223
30/11/2008,968.75,1007.37,741.02,896.24,64255672223
31/12/2008,896.24,918.85,815.69,903.25,62713594442
31/1/2009,903.25,943.85,804.3,825.88,62272577777
28/2/2009,825.88,875.01,734.52,735.09,69162338890
31/3/2009,735.09,832.98,666.79,797.87,89913133333
30/4/2009,797.87,888.7,783.32,872.81,77141844445
31/5/2009,872.81,930.17,866.1,919.14,73119411113
30/6/2009,919.14,956.23,888.86,919.32,62585083333
31/7/2009,919.32,996.68,869.32,987.48,59242105555
31/8/2009,987.48,1038.25,978.51,1020.62,64477372223
30/9/2009,1020.62,1080.15,991.97,1057.08,62386383333
31/10/2009,1057.08,1101.36,1020.18,1036.19,63006105555
30/11/2009,1036.19,1113.69,1029.38,1095.63,47211961111
31/12/2009,1095.63,1130.38,1085.89,1115.1,49730738885
31/1/2010,1115.1,1150.45,1071.59,1073.87,50526433334
28/2/2010,1073.89,1112.42,1044.5,1104.49,46978522223
31/3/2010,1105.36,1180.69,1105.36,1169.43,57601972221
30/4/2010,1171.23,1219.8,1170.69,1186.69,64856616666
31/5/2010,1188.58,1205.13,1040.78,1089.41,70923766664
30/6/2010,1087.3,1131.23,1028.33,1030.71,61170416668
31/7/2010,1031.1,1120.95,1010.91,1101.6,52654505553
31/8/2010,1107.53,1129.24,1039.7,1049.33,47632361110
30/9/2010,1049.72,1157.16,1049.72,1141.2,44216361108
31/10/2010,1143.49,1196.14,1131.87,1183.26,49742372224
30/11/2010,1185.71,1227.08,1173,1180.55,48417261112
31/12/2010,1186.6,1262.6,1186.6,1257.64,44991405555
31/1/2011,1257.62,1302.67,1257.62,1286.12,51202744443
28/2/2011,1289.14,1344.07,1289.14,1327.22,32902033335
31/3/2011,1328.64,1332.28,1249.05,1325.83,49726466668
30/4/2011,1329.48,1364.56,1294.7,1363.61,42980449999
31/5/2011,1365.21,1370.58,1311.8,1345.2,45393877781
30/6/2011,1345.2,1345.2,1258.07,1320.64,47845961112
31/7/2011,1320.64,1356.48,1282.86,1292.28,45056761113
31/8/2011,1292.59,1307.38,1101.54,1218.89,60232872223
30/9/2011,1219.12,1229.29,1114.22,1131.42,57103788887
31/10/2011,1131.21,1292.66,1074.77,1253.3,54479816667
30/11/2011,1251,1277.55,1158.66,1246.96,46819472221
31/12/2011,1246.91,1269.37,1202.37,1257.6,41523572223
31/1/2012,1258.86,1333.47,1258.86,1312.41,44204199999
29/2/2012,1312.45,1378.04,1312.45,1365.68,43547616666
31/3/2012,1365.9,1419.15,1340.03,1408.47,46610922225
30/4/2012,1408.47,1422.38,1357.38,1397.91,41534283333
31/5/2012,1397.86,1415.32,1291.98,1310.33,48289161111
30/6/2012,1309.87,1363.46,1266.74,1362.16,45323577778
31/7/2012,1362.33,1391.74,1325.41,1379.32,40613227776
31/8/2012,1379.32,1426.68,1354.65,1406.58,39046561111
30/9/2012,1406.54,1474.51,1396.56,1440.67,38769044443
31/10/2012,1440.9,1470.96,1403.28,1412.16,39862399998
30/11/2012,1412.2,1434.27,1343.35,1416.18,39716283335
31/12/2012,1416.34,1448,1398.11,1426.19,36882322222
31/1/2013,1426.19,1509.94,1426.19,1498.11,42138061110
28/2/2013,1498.11,1530.94,1485.01,1514.68,38485266666
31/3/2013,1514.68,1570.28,1501.48,1569.19,38070616668
30/4/2013,1569.18,1597.57,1536.03,1597.57,42832222222
31/5/2013,1597.55,1687.18,1581.28,1630.74,42470694447
30/6/2013,1631.71,1654.19,1560.33,1606.28,41637105556
31/7/2013,1609.78,1698.78,1604.57,1685.73,37837122221
31/8/2013,1689.42,1709.67,1627.47,1632.97,36001561112
30/9/2013,1635.95,1729.86,1633.41,1681.55,36763561110
31/10/2013,1682.41,1775.22,1646.47,1756.54,42581888889
30/11/2013,1758.7,1813.55,1746.2,1805.81,35348994444
31/12/2013,1806.55,1849.44,1767.99,1848.36,36088233332
31/1/2014,1845.86,1850.84,1770.45,1782.59,42151061111
28/2/2014,1782.68,1867.92,1737.92,1859.45,38736438890
31/3/2014,1857.68,1883.97,1834.44,1872.34,39936127779
30/4/2014,1873.96,1897.28,1814.36,1883.95,39775450001
31/5/2014,1884.39,1924.03,1859.79,1923.57,35346461112
30/6/2014,1923.87,1968.17,1915.98,1960.23,35157433333
31/7/2014,1962.29,1991.39,1930.67,1930.67,36958161110
31/8/2014,1929.8,2005.04,1904.78,2003.37,32295077776
30/9/2014,2004.07,2019.26,1964.04,1972.29,37058888889
31/10/2014,1971.44,2018.19,1820.66,2018.05,52063355557
30/11/2014,2018.21,2075.76,2001.01,2067.56,35333438888
31/12/2014,2065.78,2093.55,1972.56,2058.9,44857677778
31/1/2015,2058.9,2072.36,1988.12,1994.99,42961133334
28/2/2015,1996.67,2119.59,1980.9,2104.5,38208644446
31/3/2015,2105.23,2117.52,2039.69,2067.89,42597694444
30/4/2015,2067.63,2125.92,2048.38,2085.51,40033855554
31/5/2015,2087.38,2134.72,2067.93,2107.39,36215405555
30/6/2015,2108.64,2129.87,2056.32,2063.11,40674433334
31/7/2015,2067,2132.82,2044.02,2103.84,43289216666
31/8/2015,2104.49,2112.66,1867.01,1972.18,47014883334
30/9/2015,1970.09,2020.86,1871.91,1920.03,44438538889
31/10/2015,1919.65,2094.32,1893.7,2079.36,47691611111
30/11/2015,2080.76,2116.48,2019.39,2080.41,42190883334
31/12/2015,2082.93,2104.27,1993.26,2043.94,46471811112
31/1/2016,2038.2,2038.2,1812.29,1940.24,51338761111
29/2/2016,1936.94,1962.96,1810.1,1932.23,51694200001
31/3/2016,1937.09,2072.21,1937.09,2059.74,51466344444
30/4/2016,2056.62,2111.05,2033.8,2065.3,45069438891
31/5/2016,2067.17,2103.48,2025.91,2096.96,43824222222
30/6/2016,2093.94,2120.55,1991.68,2098.86,48251499999
31/7/2016,2099.34,2177.09,2074.02,2173.6,38627916669
31/8/2016,2173.15,2193.81,2147.58,2170.95,42005727779
30/9/2016,2171.33,2187.87,2119.12,2168.27,42927911109
31/10/2016,2164.33,2169.6,2114.72,2126.15,40664794445
30/11/2016,2128.68,2214.1,2083.79,2198.81,49055422221
31/12/2016,2200.17,2277.53,2187.44,2238.83,41806244445
31/1/2017,2251.57,2300.99,2245.13,2278.87,39157322225
28/2/2017,2285.59,2371.54,2271.65,2363.64,38423566667
31/3/2017,2380.13,2400.98,2322.25,2362.72,45304316665
30/4/2017,2362.34,2398.16,2328.95,2384.2,36258705554
31/5/2017,2388.5,2418.71,2352.72,2411.8,44226205556
30/6/2017,2415.65,2453.82,2405.7,2423.41,45001383335
31/7/2017,2431.39,2484.04,2407.7,2470.3,35094111112
31/8/2017,2477.1,2490.87,2417.35,2471.65,39231127777
30/9/2017,2474.42,2519.44,2446.55,2519.36,36854433335
31/10/2017,2521.2,2582.98,2520.4,2575.26,39373094446
30/11/2017,2583.21,2657.74,2557.45,2647.58,40651811110
31/12/2017,2645.1,2694.97,2605.52,2673.61,36250661111
31/1/2018,2683.73,2872.87,2682.36,2823.81,42700066668
28/2/2018,2816.45,2835.96,2532.69,2713.83,44210783334
31/3/2018,2715.22,2801.9,2585.89,2640.87,42427666668
30/4/2018,2633.45,2717.49,2553.8,2648.05,38693661110
31/5/2018,2643.64,2742.24,2594.62,2705.27,42009600001
30/6/2018,2718.7,2791.47,2691.99,2718.37,43022061111
31/7/2018,2704.95,2848.03,2698.95,2816.29,35856761112
31/8/2018,2821.17,2916.5,2796.34,2901.52,38465677777
30/9/2018,2896.96,2940.91,2864.12,2913.98,34717822221
31/10/2018,2926.29,2939.86,2603.54,2711.74,50737738886
30/11/2018,2717.58,2815.15,2631.09,2760.17,44488950002
31/12/2018,2790.5,2800.18,2346.58,2506.85,46401427779
31/1/2019,2476.96,2708.95,2443.96,2704.1,44667572224
28/2/2019,2702.32,2813.49,2681.83,2784.49,38990794445
31/3/2019,2798.22,2860.31,2722.27,2834.4,43664600000
30/4/2019,2848.63,2949.52,2848.63,2945.83,38669355556
31/5/2019,2952.33,2954.13,2750.52,2752.06,42700066667
30/6/2019,2751.53,2964.15,2728.81,2941.76,39378550001
31/7/2019,2971.41,3027.98,2952.22,2980.38,39083038891
31/8/2019,2980.32,3013.59,2822.12,2926.46,44221911112
30/9/2019,2909.01,3021.99,2891.85,2976.74,41106850002
31/10/2019,2983.69,3050.1,2855.94,3037.56,43091416667
30/11/2019,3050.72,3154.26,3050.72,3140.98,40099955556
31/12/2019,3143.85,3247.93,3070.33,3230.78,40030000000
31/1/2020,3244.67,3337.77,3214.64,3225.52,42835788888
29/2/2020,3235.66,3393.52,2855.84,2954.22,46829038886
31/3/2020,2974.28,3136.72,2191.86,2584.59,89889499999
30/4/2020,2498.08,2954.86,2447.49,2912.43,68424138891
31/5/2020,2869.09,3068.67,2766.64,3044.31,60623327144
30/6/2020,3038.78,3233.13,2965.66,3100.29,72383009071
31/7/2020,3105.92,3279.99,3101.17,3271.12,54562572756
31/8/2020,3288.26,3514.77,3284.53,3500.31,46177493853
30/9/2020,3507.44,3588.11,3209.45,3363,55380479265
31/10/2020,3385.87,3549.85,3233.94,3269.96,51343018839
30/11/2020,3296.2,3645.99,3279.74,3621.63,53383778247
31/12/2020,3645.87,3759.43,3633.4,3756.07,49841834288
31/1/2021,3764.61,3870.9,3662.71,3714.24,51489765477
28/2/2021,3731.17,3950.43,3725.62,3811.15,45493827602
31/3/2021,3842.51,3994.41,3723.34,3972.89,61352199992
30/4/2021,3992.78,4218.78,3992.78,4181.17,44703408278
31/5/2021,4191.98,4238.04,4056.88,4204.11,44812615473
30/6/2021,4216.52,4302.43,4164.4,4297.5,45553300904
31/7/2021,4300.73,4429.97,4233.13,4395.26,41975109793
31/8/2021,4406.86,4537.36,4367.73,4522.68,41027638006
30/9/2021,4528.8,4545.85,4305.91,4307.54,43229019964
31/10/2021,4317.16,4608.08,4278.94,4605.38,41619724648
30/11/2021,4610.62,4743.83,4560,4567,47312253989
31/12/2021,4602.82,4808.93,4495.12,4766.18,50024560087
31/1/2022,4778.14,4818.62,4222.62,4515.55,54796994735
28/2/2022,4519.57,4595.31,4114.65,4373.94,50746267442
31/3/2022,4363.14,4416.78,4157.87,4411.67,36737651191
