random_state,Unnamed: 0,R^2,MSE train,MSE test
0,0,0.9960221331343192,2769.926266042716,5601.987580274045
1,1,0.9950724252261224,3294.5011507826825,4527.341277476276
2,2,0.995329156912662,3260.694419288116,3478.071380818697
3,3,0.995441132245438,3377.506674051472,3109.400641962291
4,4,0.994611331780748,3526.1012308792583,5141.723796925004
5,5,0.995933381044809,2808.173482966128,5379.139909761051
6,6,0.995753465178315,2792.585551446629,5573.90662502343
7,7,0.9958684077986776,3068.0827116367186,4151.244770180802
8,8,0.99567077174191,3000.33414345498,4737.181888459343
9,9,0.995524951658846,3183.983680528785,4549.014032981395
10,10,0.9961598771131972,2569.981172382985,6568.297211638268
11,11,0.9957182656235456,3335.552585484436,4164.284803813317
12,12,0.9949064663862756,3074.86999035393,7909.20491763248
13,13,0.996150761149734,2447.6651982885605,7725.869871216722
14,14,0.9955949493690696,3217.3613639050022,4517.046761948102
15,15,0.9959392539724424,2774.9041237433034,7855.5718137812355
16,16,0.996166509298943,2586.002353172797,7280.45350686161
17,17,0.9956727417476386,3131.8515977830207,4471.8289876383415
18,18,0.9959038830989004,2976.5981844439293,4508.384936601875
19,19,0.9955264486919884,3519.199421859244,2778.1641638295955
20,20,0.9962439970408288,2905.8743269613906,4836.655798414973
21,21,0.9956225098679912,3221.5686138094475,4308.950829797895
22,22,0.9962620671176284,2552.751045458424,6502.8664021029535
23,23,0.994758193713766,3589.528466104213,3053.1398430225963
24,24,0.995939358915436,2907.9940868452104,5344.492566823605
25,25,0.9953849274916476,3091.284375181037,5153.217921960305
26,26,0.9963171560734886,2756.232906830858,6528.212979895389
27,27,0.9957723573345352,3040.1678075533787,5258.709246593406
28,28,0.9954091205535128,2789.11221230622,8428.910410094992
30,30,0.9955877522769836,3300.63714823608,3466.820961981806
31,31,0.996157680615643,2992.379221174049,5102.825744138911
32,32,0.995820375080812,2765.1214144615765,7456.357377976292
33,33,0.9957605302026896,2959.3589343519984,4730.618444886158
34,34,0.99579002238845,3217.6845218887424,4158.551640983165
35,35,0.9956447603903328,3179.8872592893517,4080.458105698012
36,36,0.9965255510570116,2571.8789298513666,7579.904161624573
37,37,0.9952757499964928,2920.3594667932825,8819.880405085734
38,38,0.995261049945856,3016.221849340682,6081.262688279418
39,39,0.9963921552288252,2859.119486714234,5444.329053728176
40,40,0.9961501106874454,2766.356597305984,4999.374691237553
41,41,0.9956580576631654,2849.1745722993264,5277.099062099073
42,42,0.995690490768674,2984.583169911128,4944.968164372522
43,43,0.9950747605705252,3456.542813082595,3336.675458504657
44,44,0.9954192897955892,2858.896140403569,5412.947003797374
45,45,0.9959511819572244,2887.094932740095,4895.4047896595
46,46,0.995478882510457,3135.9492429074,5731.698612959103
47,47,0.9952036543474584,3437.6116097865565,2925.760972126376
48,48,0.9956492356952488,3214.4773466950664,3808.8123736977495
49,49,0.9959109355705004,2822.077518840212,7241.770645516848
51,51,0.995664402819543,3112.4285345760877,4121.714788711692
52,52,0.9959327984189676,2750.3991928443065,9006.221249154532
53,53,0.99578522611513,2807.7705207399795,5406.831364200774
54,54,0.9953904497255764,3476.3695862435084,2699.7155823122603
55,55,0.9958406874124908,2786.324970831085,8979.069793900895
56,56,0.995517495598594,3112.708521500091,4205.946247409107
57,57,0.9955257818404328,2918.711947686608,7367.560404611769
58,58,0.9955742100900508,2879.623864007997,5969.839969357757
59,59,0.9956415984829544,2652.389121666933,9332.935392203815
60,60,0.9948180170029636,3355.166206286611,5869.696000666648
61,61,0.9958202505448718,2768.8678649925014,7090.531046546495
62,62,0.9955185727683412,3493.2384496449454,2766.839952275923
63,63,0.9956838081255672,3019.443922141389,7293.422278816933
64,64,0.9957499455750912,3158.334080620989,4127.113123751059
65,65,0.9958509031981044,2939.2125897181827,6211.81985008669
66,66,0.9952586224891294,3178.830320023233,3918.950320795792
67,67,0.9961597909289728,2551.127802853749,8581.865637702662
68,68,0.9959262232249748,2668.8548810459592,9631.19806648553
69,69,0.9960305554558516,2999.8820381961373,4319.635470942372
70,70,0.995889195505396,3035.212534904864,5094.107568237192
71,71,0.9956510659956964,2788.3422451888678,5638.023340573197
73,73,0.9957838232764544,2977.613595836141,5077.727994422233
74,74,0.9956555876987184,2694.734088882523,7569.443028493137
75,75,0.9956468960627496,3059.200410800396,5671.623902649114
76,76,0.995544292589329,3274.646947297343,3585.0833773155914
77,77,0.9954933746222688,3020.0218932618336,5690.972819112102
78,78,0.995217916548435,3001.6431696791587,5326.738330057344
80,80,0.9952500088626112,3401.738524017639,3142.29761894308
81,81,0.9955516986722868,3077.7286820199324,5383.526482438268
82,82,0.9955538578677444,3095.0555814234463,5315.376850472679
83,83,0.9961877061343636,2652.5852625031,6039.2915633251805
84,84,0.9955387017672188,3444.6716301926376,2804.3102281924043
85,85,0.9952032608613364,3107.3635982029564,5819.716779933791
86,86,0.9955991349063636,3019.4146714074395,4992.19919301777
87,87,0.9947054040486516,3301.7407843436804,3535.1487206709603
88,88,0.9956732770034928,3101.6618284697884,4361.867577577559
89,89,0.9952882115072106,3276.4532783431923,4450.654910684648
90,90,0.995462350502581,3193.3221655235016,4202.710006441517
92,92,0.9956158485914228,2705.4918420770487,7577.716003231027
93,93,0.995599155644469,3102.1919561869963,4413.427063287498
94,94,0.9956429867575955,3001.396168373415,6101.454960592928
95,95,0.9963041776904384,2683.4494421961663,8168.255916068622
96,96,0.9957375237389502,2816.537797731264,7049.066820452505
97,97,0.9951175271400032,3064.180403091022,6918.300323029487
98,98,0.9956515928606492,3059.548510782889,4426.216485946839
99,99,0.9951248810514344,3514.373220542697,2765.224951999701
100,100,0.9951797892176394,3288.230089243436,3873.83547157896
101,101,0.9960726554861612,2878.877124045505,6553.051976753802
102,102,0.9955636202702726,3297.2084489494887,3713.564209269589
103,103,0.9954801814337468,2772.931993720833,6835.664278175421
104,104,0.995433908220408,3365.258923966749,4167.971779684342
105,105,0.9950996938008154,2926.7020869915013,4713.850204361759
106,106,0.9960440884675362,2856.964751253276,5347.505475196402
107,107,0.9951028194894106,3307.0067499091524,3581.468660947226
108,108,0.9953515783034574,2917.689910450163,7302.797220420577
109,109,0.9966124441071884,2417.9478201885186,9472.29872659776
110,110,0.9950529589317968,3215.871380132985,3834.98682130386
111,111,0.995876488575374,2802.060364448708,6926.520419676909
112,112,0.9957269456411418,3175.3214707069365,5617.755625714713
113,113,0.995350931960254,2983.1402154052657,6374.42346450269
114,114,0.995663240921672,3265.7299224729377,3682.706534861967
115,115,0.995150694295502,2901.118699001485,5347.68730369251
116,116,0.9958145873684334,2908.421680427739,6017.333463204363
117,117,0.9958908318723696,2898.3352482603464,6383.485614878156
118,118,0.996066962631268,2902.1372818459054,5617.852906862858
119,119,0.9951973272863116,3293.29204712014,3984.545307331698
120,120,0.9959905208066168,3022.663944611006,4583.6597575242295
121,121,0.9959729938351534,2849.322603173037,7417.58384912439
122,122,0.9960683969281604,2588.3743487437587,8336.554305978749
123,123,0.9959879171745216,2896.7325174873968,5141.795051001247
124,124,0.995402210362994,3668.8643698319256,2241.9051621611297
125,125,0.996026052701552,2937.3300780977047,5565.326005901577
126,126,0.9962289230121528,2680.6519670002,7754.977801868449
127,127,0.9964997343338308,2761.819525519614,5229.747542276014
128,128,0.9955024683357664,3346.022780852747,4899.537424585446
129,129,0.995447715188983,3074.259062034055,4436.587348794814
130,130,0.995674084306958,3017.490753508536,4953.058647355089
131,131,0.994973491173004,3382.1090291151404,3246.4418107204424
132,132,0.9957970343464774,3167.5180513508326,4216.903426162282
133,133,0.9957570683997248,3099.846657083589,4437.459149289689
135,135,0.9956757137774066,2882.342956207713,6265.971677125565
136,136,0.9958082831657024,2810.406303884264,6266.722239599617
137,137,0.9958293230092709,2758.596925832435,7701.432631281911
138,138,0.9953656119506844,3398.9341130372954,3552.164680886384
139,139,0.9962206176597465,2747.3430658066427,6440.824827183748
140,140,0.9949730499771752,3455.367369595396,4225.930251391097
142,142,0.9954854639782428,3260.1874464214093,5505.5833075369965
143,143,0.995948825997674,2959.639991280812,5102.926768119069
145,145,0.9956617635153092,3035.180719233668,5907.116085197668
146,146,0.9956906164539034,2925.8348613231374,5782.681827006203
147,147,0.9948925614747476,3323.9192216420324,5230.236708774925
148,148,0.9954404196970842,3131.956082668945,4094.528235212092
149,149,0.99489609528343,3117.5657698048776,10179.112048751664
150,150,0.996088778252817,2941.8784868320613,4752.5692867431135
151,151,0.9959692820372958,2736.7763234213294,5322.707473230604
152,152,0.9952824443995169,3209.935038761907,5058.422395015668
153,153,0.9955413703297616,3352.944293264876,3268.619068533471
154,154,0.9959073092194324,2891.5080575558964,5398.529144402647
155,155,0.9957499795961112,2831.3885644680863,8533.261733346078
156,156,0.9957984255724436,2962.9448662489785,4881.772108496468
157,157,0.9950857038461304,2982.175775141299,8774.975493337995
158,158,0.9956739808620404,3078.8147648013933,4587.433571711238
159,159,0.99551868465812,3156.9301284149374,4429.877332948379
160,160,0.995592577670426,2732.5033096601032,9087.245474942158
161,161,0.9950241228075686,3185.284944592304,7728.244168962364
162,162,0.9959277317226608,3148.419387861449,4132.5284506598455
163,163,0.9952466799945648,2991.735616792761,5453.648088119564
164,164,0.996296719181396,2577.331437232293,8690.548853721442
165,165,0.9958366415035494,3111.852324644602,4036.685177584193
166,166,0.9964323888905046,2428.951773887607,7851.129671642439
167,167,0.995593923638844,3150.2298052843184,4338.504054551574
168,168,0.99565202057008,2991.0360242979173,5162.097610487532
169,169,0.994935808617363,3262.2034611232098,5049.749118579708
170,170,0.995714224481459,3048.6631475355857,4850.3484015366985
171,171,0.9960100853074344,2868.6537258568496,5083.3984835417
172,172,0.9954801402649978,3253.441276057089,4709.982794465538
173,173,0.9956852351496702,3389.888942508077,3261.9735964945016
175,175,0.9957428684807788,2786.02464311657,9427.13621291126
176,176,0.9954872443278484,3065.116048197726,4273.9701843511375
177,177,0.9954798738886216,3436.0613980393277,2878.2620518602275
178,178,0.995383767650098,3043.609437996264,7354.501770594086
179,179,0.996040275645439,2864.6095133289987,5340.506176321437
180,180,0.9955794791255034,3273.8710924177494,3740.21909903821
181,181,0.9957187389612138,3088.328662734606,5513.681315049673
182,182,0.9960468527084412,2792.8459034338503,8217.22770043771
183,183,0.9952102008655976,3219.247568447224,6152.747125910082
184,184,0.9954060208023928,3264.8391703405023,4296.357712948358
185,185,0.9960608495509766,2471.33949677024,7157.069522404871
186,186,0.9954454558111412,3376.8116633838736,4122.773682486571
187,187,0.9951928276440952,2702.935717604131,6666.608597684465
188,188,0.9954240620405244,3156.00416517772,4967.477654687724
189,189,0.9959575959044956,2987.259822007556,5780.098729867488
190,190,0.995327857302164,3567.2309400326494,2561.2321163576084
191,191,0.9956114861430512,2742.3094583250117,10517.531852717802
192,192,0.995211616165322,3306.2484976907026,3575.099612310197
193,193,0.9954191358174695,2722.091787208459,9495.410615455525
194,194,0.9955884156787173,2728.9070034302144,6398.299622354096
196,196,0.9956545853793806,3010.316493853657,4883.444589225205
197,197,0.995452108472523,3326.1745544207606,3537.105156860194
198,198,0.9956864222097228,2753.988684272944,6912.297604004627
199,199,0.9953482947120124,2948.77147490097,4873.528505126663
200,200,0.9954699661934696,3004.051753641117,5491.02708653876
201,201,0.9959597401982772,2854.047052868126,6843.405930726623
202,202,0.9955224494060404,2694.6309598730745,6591.35446599397
203,203,0.996010188285804,2758.773846863157,8510.2108693156
204,204,0.9952373582035318,3188.9389302655786,7074.893838339755
205,205,0.9950791994691124,3019.093834603401,5420.673293392192
206,206,0.9953266348380718,3291.6298909113902,3502.8498726864577
207,207,0.9951123211672028,3650.794334226516,2239.229532122435
208,208,0.995605167449764,2880.5178431496133,6441.008980961448
209,209,0.9954172728709308,3123.3246562798254,4417.315548438525
210,210,0.9956978259792169,3434.2398879453017,3255.777284174968
211,211,0.9950009833218216,3500.485018303124,2980.552045825541
212,212,0.995266804559958,3426.582906084301,3853.642648847893
213,213,0.9958652614782256,2984.9834614274077,5408.602983058765
215,215,0.9957001291120566,3381.338249641665,3334.49434153025
216,216,0.9958613733277832,2931.8972411428867,5404.870974058613
217,217,0.9955225846910524,2971.1749818235166,5183.945017645261
218,218,0.9963047306377244,2627.864743813081,6454.626386102575
219,219,0.9955730887004476,3223.848165029505,3806.742304482128
220,220,0.9951461601839142,3067.6720326093487,5371.609657036056
221,221,0.995921485596162,3030.4518196856266,5173.579818584691
222,222,0.9954134341113138,2952.06276497944,8474.746087746007
223,223,0.9960853060514906,2986.581932069526,4773.222160965183
224,224,0.9954465079903588,3186.1295831135785,3990.20468348414
226,226,0.9956162422985286,3285.929405551572,3713.030008127696
227,227,0.9955706440348052,3160.622654868416,4401.032034814896
228,228,0.9949752609423644,3145.686207770159,5346.923480625438
230,230,0.9959501737148192,2845.45209410664,5504.091501729808
231,231,0.9958290860811068,2980.771769171443,8069.10445263677
232,232,0.995864867527691,2893.878397673468,5597.90193271129
233,233,0.995263665825142,3314.0616977962923,5007.367001015315
234,234,0.9959563977711892,2770.3946294437924,8226.95425588953
235,235,0.9958062699325476,3119.2716484920743,4882.233441596367
236,236,0.9956314247069702,2874.3472799185174,8317.002194350496
237,237,0.994973480081166,3362.258092054737,3306.86255769108
238,238,0.995688888676728,2861.3957424684963,4906.549584059331
239,239,0.9954435426371212,3509.377779197984,3114.013606932885
240,240,0.9955908019914887,3033.0927636506867,4979.682483121854
241,241,0.9960648837900324,2650.8932276114256,5822.408062118323
242,242,0.995519813415055,2960.704267483861,5078.3902315377145
243,243,0.9957728471330722,2954.4424419263346,4861.735996134888
244,244,0.9962169159316456,3011.1584188921283,5144.25508380433
245,245,0.9954629486761905,3373.9676124930065,3513.3703837591715
246,246,0.9960177645653232,2576.9163715462823,6039.10051626764
247,247,0.9955672255375696,3137.311772555503,3988.0604115250057
248,248,0.9957483156995436,3092.5025089839014,4653.723016893137
249,249,0.995108616819074,3151.8983325773306,5702.854350950843
250,250,0.9951088413711175,3232.870961540869,5258.130528777799
251,251,0.9958413326738816,3203.145923791817,3844.665736526242
252,252,0.9956984681478684,3036.096266958278,6069.649022570481
253,253,0.9957708129907306,3135.5082808086145,4229.146290914194
254,254,0.9953445444147072,3256.729482766645,4241.374548441394
255,255,0.9957750498178034,3014.9314961348477,4454.148085280317
256,256,0.996287873129434,2540.2934738635336,6641.063750992842
257,257,0.995458489072342,2969.903496728071,5409.65319782899
258,258,0.995291042349608,3415.656222674351,3186.280267783755
259,259,0.9958924170425868,3241.080773119078,3923.812899721755
260,260,0.9961010010860484,2924.419310726245,5301.747695740449
261,261,0.9957573316017276,3190.888192824825,4678.694201105268
262,262,0.995666399297591,2827.349566879365,8743.319462693333
264,264,0.9959802258863782,2837.00255855397,5393.059502586856
266,266,0.9960067158293008,2878.3335344276943,5213.287427079253
267,267,0.9957022390210012,3436.2843562515154,3401.411263146193
268,268,0.9953519723468552,3308.9919549305014,4557.796082915225
269,269,0.996219987866314,2701.9196395533204,7095.4945079324025
270,270,0.9960602877769372,2420.0241843062918,8561.688620385215
271,271,0.9958320498332058,3010.5360065964032,5541.824719358856
272,272,0.9958106618629348,2598.69986344321,10436.006144229415
273,273,0.9953818522018576,3062.207529004341,4574.711982924343
274,274,0.995142283179082,3233.3626039120973,4457.210605593471
275,275,0.99543851547442,3224.041344379771,4301.661925319116
276,276,0.996098155892826,2526.1547978084773,7850.058675365142
277,277,0.9958727866809832,2854.648593643236,5241.870005558355
278,278,0.9962055217059416,2861.276242796781,5629.083797709709
279,279,0.9955704425011288,3191.5869215124085,3930.220002303646
280,280,0.9959585229819874,2997.88728562648,4894.949958699307
281,281,0.9953198543085034,2997.72390311578,4761.915172166545
282,282,0.9956896112239136,2700.8015151628865,9040.086041645773
283,283,0.996079673946356,2847.474174022796,5914.614231578379
284,284,0.9953776472278713,3237.3878427265427,5575.507389571153
285,285,0.9959016833032978,2988.0617769852083,4989.034042845017
286,286,0.9963853581950096,2783.365842601336,5744.571467987737
288,288,0.9952326216561884,3257.53665070683,3886.454369893292
289,289,0.9960643326060415,3101.140729513238,4257.549270793773
290,290,0.995200658324141,3720.81477011071,1950.4524112212607
291,291,0.9956757754001252,2900.352273819687,5703.448554961796
292,292,0.9955703080649956,3235.8098806390058,3997.491187565802
293,293,0.9965227947155672,2502.162155633196,9589.118946720448
294,294,0.9956183998750672,3345.462436760248,3882.263073873459
295,295,0.9958427085591416,3118.083242660948,4553.358241156792
296,296,0.9954172778530206,3384.1242321245627,3118.7305343684025
297,297,0.9960085755629008,2693.5501972085085,6119.666840327029
298,298,0.9955021067524716,3292.4841494551856,3374.5216108159125
299,299,0.9956550897361824,3458.699605599324,2898.1866339002104
300,300,0.9960766361577312,2603.988021749916,7169.314590836297
301,301,0.9954743175229044,3250.327788868702,3517.58031173626
302,302,0.9961758825171854,2858.4238997532566,9048.06642184848
303,303,0.9959684697584512,3083.658382995969,4637.855053885548
304,304,0.9953042057335512,3145.3514842430677,7349.768123152768
305,305,0.9956532707695273,3112.511095449266,4487.14833203488
306,306,0.9949815165328684,3482.853316974992,3512.8163046199365
307,307,0.9959772676510998,3012.4474546688784,4873.033893910517
308,308,0.9959163800862586,3042.34287714984,4694.477041647678
309,309,0.99526835209566,3316.9943619482765,6459.676333374839
310,310,0.9956930491738744,3323.745028457508,3884.219171824536
311,311,0.9963686061611516,2836.174675827175,5503.807106964075
312,312,0.995951245465024,2836.614397376716,5628.636245219788
313,313,0.9953094647689908,2931.920182090845,7536.28583550452
314,314,0.9958557540206484,2941.155695199056,5020.802339090687
315,315,0.994969638967452,3308.492595136392,3778.739270037589
316,316,0.9954775896651894,2996.8375233196416,5425.286894924335
317,317,0.9952509559432614,3242.0345387545653,7309.335894750578
318,318,0.9955320251448592,3272.887270919721,3703.8181696135007
319,319,0.9955431990044415,3416.7975437740797,3085.1815457211687
320,320,0.9955560514280888,2798.045679050305,5445.191749758469
321,321,0.9960725840763702,2954.4683201658268,4804.338088350794
324,324,0.996039223324962,2863.254083212925,6117.4453505217725
325,325,0.9960964832963408,3015.287685926889,4614.326404262397
326,326,0.9956876363101976,3022.3871447343386,5044.5400283152585
327,327,0.9946869728746716,3250.74847212183,8876.400607785521
328,328,0.9958286072449026,2804.3123235399557,6029.250508039695
329,329,0.9954350220477975,3473.249334559299,3083.263811316433
330,330,0.9954412789155002,2673.3110180197623,9923.191842579745
331,331,0.9962189442376852,2501.827807300332,7183.673544760685
332,332,0.9959136679678072,2925.200943050541,4737.957922969335
333,333,0.9951632655758548,3265.00430579651,5446.52398093051
334,334,0.995421771712306,2933.3309791095094,5703.357301513643
335,335,0.9955172404291474,2966.848030850933,5030.676228558429
336,336,0.9958265072502508,2938.81646411316,5232.79608777444
337,337,0.9954399132472116,3243.479749849126,4486.407710477132
338,338,0.9958645113354888,2756.911890107004,7171.005148567779
339,339,0.9953195871353168,2932.865345399611,6501.066412372864
340,340,0.9958547795848096,2671.6001216963377,7393.395429303263
341,341,0.995586778660456,3362.6352203919537,3879.8786159938218
342,342,0.9957740385902878,2906.168406165006,6660.826607043651
343,343,0.9956583391049152,3134.694179724919,4209.852248439021
344,344,0.9955908514835802,3177.940751446733,4186.244069634693
345,345,0.9955538967086336,3266.299890288106,4595.538394805988
347,347,0.9953013968094804,3293.528681082603,3579.9781139217616
348,348,0.995769662712472,3064.223144669816,5299.3889161601455
351,351,0.9958023392774088,3034.2422749120115,4588.917761737968
353,353,0.9955823717236992,3088.308432689634,4705.239824992416
354,354,0.996032525197273,2757.9717364768726,8053.717713091716
355,355,0.9953658176031384,3209.442876047609,4007.391811747987
356,356,0.995153360942778,3469.064079393177,3603.7757186153376
357,357,0.9953453322198046,3553.411244891712,2863.9641852038258
358,358,0.9960950204470412,2753.629309712795,6293.072654396957
359,359,0.9952857896132912,3038.2654906275607,7149.996862994629
360,360,0.9959370104119344,3002.2561617120077,4617.665161242561
361,361,0.9958632650537088,2951.1297138980026,5055.931332188759
362,362,0.9958775364702754,2836.893952813346,9324.74036865205
363,363,0.9959452612910316,2892.5627094422352,5296.577720475213
364,364,0.9952509981594326,3448.3973958067786,5058.493790494289
365,365,0.9952542365671476,3305.573255384858,4107.871118482426
366,366,0.994855694028872,3376.89704059018,4201.146028164255
367,367,0.9955321003011814,3065.596328847574,6634.3683833208
369,369,0.9949464403619452,3649.250916424736,2552.9502650510094
370,370,0.9955143124806112,3131.397341267113,5376.251032514672
371,371,0.9957040299240052,3142.90154608744,7557.573180470611
372,372,0.9954702213180692,2962.624291722837,5603.454295171069
373,373,0.994984146608034,3191.036741416933,6408.784917912465
374,374,0.9952723882363764,3200.0445964322985,4352.876030311591
375,375,0.9960099361034872,3044.183088050276,5406.020848582703
377,377,0.995705565408515,3298.941317700629,3474.296508720106
378,378,0.99558225502838,3079.422650068279,5578.058487731088
379,379,0.9955904702834968,3347.203659869889,3493.82053427352
381,381,0.9956012437050068,3299.3895058442977,3941.762324500888
382,382,0.9959718341525524,3155.000355972556,3986.54724913478
383,383,0.9956415904871952,2584.0052149835624,8216.237638881328
384,384,0.9951143153490954,3207.6834000213994,4313.686952677721
386,386,0.99523928912872,3472.098327281779,2885.90975860147
387,387,0.9959801524121672,3028.575857445212,4526.639065960274
388,388,0.9959305752152596,2984.6836973722247,5171.917129203451
389,389,0.9951885806101192,3091.295548743647,9624.004267339666
390,390,0.9951347353843034,3406.485327312994,3809.381447557343
391,391,0.9959389967060508,3016.952276998956,4555.995737700042
394,394,0.9960839149066744,3092.388481005932,4223.734915579008
395,395,0.9956136476217854,3337.5642387105167,4164.925016289161
396,396,0.9958352347681824,2795.675067659793,9657.28726669136
397,397,0.9956154132210366,2718.438164674663,7617.522338689816
398,398,0.9961808370033504,2763.106976586123,7472.82883252161
399,399,0.9957375863208636,3066.1178051664738,4607.002907019439
400,400,0.9959925912199148,2904.465123337812,4817.119863700569
401,401,0.995853508020595,3184.541456518353,3790.285535640838
402,402,0.995880332913642,3038.5541512489517,4778.007343778731
403,403,0.9954732026951116,3169.677075630928,4814.620890541761
404,404,0.9956051089806072,2987.3500710258995,5970.230306651416
405,405,0.995682994244648,2928.204520235845,6734.222487017796
407,407,0.9960061071431552,2684.7038765930447,5759.972820890016
408,408,0.9955969259291684,3008.7413890141047,4721.38012132012
409,409,0.9954372209744892,3251.734745728329,5207.691599957428
410,410,0.995264746613494,3288.697138437757,6723.704372510155
411,411,0.9957234130605266,3180.559850486328,3992.23167652984
412,412,0.9951938211680698,3116.897990701198,9159.637130676743
413,413,0.995298706455677,3336.2801927660653,4666.330315817552
414,414,0.9956203509417778,3167.1671418717115,4133.853336082049
415,415,0.9960344058320284,2734.351712262424,5783.003031372627
416,416,0.9957500910249504,3195.400839632835,3868.841479658426
417,417,0.995665626223294,3081.434546046022,4298.194194416339
418,418,0.9951408475609332,3382.250635624143,3839.442946841477
419,419,0.9952769468018816,3323.673401976791,4090.411143895124
420,420,0.9955486890173458,3266.440484554721,5687.024625111943
421,421,0.9947697071818896,3177.211310099519,9502.782388955862
422,422,0.9959529191205516,2750.608330623661,5753.024708759164
423,423,0.9960305700826704,2600.276059017373,9036.60419995844
424,424,0.9956699591121856,2759.36619008262,8723.925216583439
425,425,0.995610728605132,3242.3418626603584,3846.720125327277
426,426,0.9960058442708078,2927.8978336208093,9100.621674608896
427,427,0.9955272960102208,2932.6496315470463,7259.261208808647
428,428,0.996059452557575,2372.9247351685203,9444.841889276491
429,429,0.9959971303667808,2934.519191568458,5310.987611758253
430,430,0.9958359400327144,2923.2928885990177,5038.827431130957
431,431,0.9960522666253068,2929.163354692096,5718.122928152274
432,432,0.9948908186184372,3252.2298454568063,6429.29060393529
433,433,0.995741716612746,2660.1279098066007,6489.274303342613
434,434,0.9954168673645214,3319.0913669023284,3264.6451669537614
435,435,0.9952700088907466,3344.280757698805,4681.897687580198
436,436,0.995764641284664,2930.1656456781952,7609.791072320741
437,437,0.9954538469702436,3224.154021062035,4187.4395843401935
438,438,0.9952439836127808,2990.9589346982866,4825.18775849796
439,439,0.9961027232204032,2706.7265320035312,5782.565519045125
441,441,0.9953566454356458,3018.0918946907245,5537.846282344601
442,442,0.9954178888646452,3096.299120830947,4654.521841461177
443,443,0.9951393623272964,3299.814028247048,3698.345244822418
444,444,0.995842019456384,2954.8511590340704,4631.432364608638
445,445,0.9950446671855993,3487.931140750936,3743.248086663132
446,446,0.9952806081569362,3354.216994583188,3261.892824286104
447,447,0.9954171771585342,3229.528031030275,3934.6310050878
448,448,0.9948559669079712,3133.8056059540786,8528.182371971003
451,451,0.9950726729059892,3263.963256354677,4475.360431139544
452,452,0.995225518556417,3235.755119569967,5161.318990283876
453,453,0.9964138650894008,2519.020966185109,6482.381504319043
454,454,0.9957533326085942,3041.9480246358053,5419.454480538182
455,455,0.9961698394621188,2859.674004438948,6000.40103818483
457,457,0.9957876272074272,3234.752026322128,4013.411054878991
458,458,0.995544084209618,3358.188082177818,3698.178259346124
459,459,0.9959278067283994,2942.8471632498567,5278.544605471259
460,460,0.9958401145764932,3039.879669451942,4361.582633475863
461,461,0.9955642650100814,2863.419601661413,6346.742493647906
462,462,0.995579899177628,3167.8649325287483,5486.780585282797
463,463,0.9953051132008696,3336.392079585121,3132.298219330163
464,464,0.9952600664589591,3088.7067589165567,8625.504387252877
465,465,0.9955335150567408,2822.1075047266727,9594.832891928769
466,466,0.9958757218871526,3121.4512334332203,4681.304287036053
467,467,0.9953798077052785,3047.12874531031,6417.319446758556
468,468,0.99488543689732,3381.0445470352497,3270.181876022895
469,469,0.995808667934695,3040.503022870057,4683.0431543250415
470,470,0.9955722341906256,3052.072597061365,4725.39673011144
471,471,0.9953913870947234,2985.8506999873434,5373.850032732233
472,472,0.9959570087972116,3136.9567406446577,4374.836176381376
473,473,0.9955106265668108,3286.876994894776,3964.8134262471895
474,474,0.9959233158451568,2916.08240578305,4940.682039242739
475,475,0.9954718930930732,3427.480849433053,3291.880563469704
476,476,0.9950703003804348,3324.385544161335,4908.346429651391
477,477,0.9954498346819534,3327.0459896696343,3479.159125017474
478,478,0.9953278781387328,3212.690671415381,5456.121761732432
479,479,0.9954957922725972,3186.36055551686,4019.784422405552
480,480,0.9958027751931354,2905.643835215438,5944.43202256505
481,481,0.9958332061264876,2884.543656555703,6133.857371260591
482,482,0.9961198569682184,2507.5079842029218,9619.56490593408
483,483,0.9955890713635592,3145.988361552193,4813.60708344243
484,484,0.9958750076466348,2918.0668852775675,6562.622838543571
485,485,0.994833614025298,3508.0670864701474,3810.985290302429
486,486,0.9955129300218966,3001.228321608461,5293.514591800747
487,487,0.994859346433878,3154.884736981241,6865.795102761535
488,488,0.9956601064142308,2987.561710419607,4917.965547533989
489,489,0.9960972803750632,2792.189999473569,5731.497312893094
490,490,0.9958670972244112,2985.161711790705,4902.427268655942
491,491,0.9957145697884816,3042.296493551087,5080.775061161214
492,492,0.9955373975527404,3058.925305453536,4807.070617252161
493,493,0.9961309996948275,2677.7338975734624,5861.278710673388
494,494,0.9955918774674224,2937.255539815005,5318.11049409403
495,495,0.9963244915445658,2608.649488541843,6983.232465534648
496,496,0.9956724666311376,3094.102117160101,5042.10365230582
497,497,0.995377744115794,3365.056297821899,3559.233324588919
498,498,0.9950420553893856,3301.152515240311,4285.323971796721
500,500,0.9955504853613386,3034.003570558509,5363.084818927462
501,501,0.9959555252911234,3008.0782586558307,6033.964808106694
502,502,0.995534358626995,3283.7897946016083,3845.7263439809935
503,503,0.9956941127787576,2935.826596199523,7697.849439657269
504,504,0.9950121390839084,3187.4035996450657,7236.731509084314
505,505,0.9955518225607536,3282.0200915863825,3638.838324115225
507,507,0.996187923942991,2793.0631938731617,6648.752180844882
508,508,0.9956392336246236,3215.859911136513,3994.785639016141
509,509,0.9957718204207988,3013.0539378379904,4480.423471520336
510,510,0.99612505750479,2861.9225367942604,4924.531023701849
512,512,0.9951720376638786,3471.251442301552,2766.7936755844926
513,513,0.995839457699988,2910.584491707906,5256.3773087678055
514,514,0.9964875260333256,2549.5040309832166,6151.239055599511
515,515,0.995688910753308,3196.513059586636,4312.594027036261
516,516,0.9955532630143716,3128.487487018003,4699.499423389631
517,517,0.9957431617631908,2940.577754155392,4822.181611572663
518,518,0.995765968166634,2946.420441282507,7278.65107240695
519,519,0.9961216346327848,2921.630841157688,4731.244781655814
520,520,0.995720428169608,2794.484261227688,10116.243912655947
521,521,0.9951287238090932,3372.0124568777183,5053.191239191408
522,522,0.9952099220748358,3226.722953738213,4674.465281620653
523,523,0.9961536911550736,2961.830454064474,4604.148937400714
525,525,0.9952538082545256,2923.9760572702794,5927.535022852339
526,526,0.9965368501841414,2423.894921027,7743.744048382356
527,527,0.9954539577811108,3258.970123133912,3895.1290709707537
528,528,0.99570037850192,2809.3354462331968,6912.442102564337
529,529,0.9960425474676312,2956.6543677124423,6268.966018051633
530,530,0.9956643256968408,3189.1686472364217,4026.735537159355
532,532,0.9963917341799045,2676.3263297394365,5242.223925854351
533,533,0.9960608585174512,2854.214215237779,6762.343444227918
534,534,0.9953328825797052,3055.6023912974138,6372.30702309101
535,535,0.995209482592972,3194.3254421934903,5180.670938576958
537,537,0.996161280368739,2740.782201444958,5853.042425506901
538,538,0.995500045036685,3241.087863790159,4574.375131572186
539,539,0.9956392747778704,3148.8232740003687,3950.260696925762
540,540,0.9949893479284933,3106.487555778366,7883.259272464576
541,541,0.99510722627557,3384.389548697316,3090.475584611685
542,542,0.9950212178862722,3184.8983029214405,4692.161968210857
544,544,0.9956193817444544,3207.222276008414,3957.018375405525
545,545,0.995097625217202,2687.318825583872,7712.016471406133
546,546,0.9951869050170552,3075.654667034095,5111.79056433261
547,547,0.9950508202012612,3375.388527817777,3766.1363033345615
548,548,0.9959901267373208,3056.0694613835444,4435.033056886688
549,549,0.9955332352067902,3061.7021348719395,4829.957343053916
550,550,0.9955928487212272,3331.058496597448,3707.139558255697
551,551,0.9959422836061932,2812.198896353894,5977.289084289008
552,552,0.9957336334397302,2876.2262766071017,7500.897809161831
553,553,0.9962986887483668,2612.355668606667,6426.250517928114
554,554,0.9958979786795658,2859.281000211768,5962.016917637854
555,555,0.9953687872079532,3148.2175389897743,4188.2875321448855
556,556,0.9956170354848228,2954.5697578177296,5015.421624492173
557,557,0.9955148633887044,3211.8936471144475,6039.84406612619
558,558,0.9952018179751744,3311.0433107246745,4704.787103459582
559,559,0.996084490214872,2562.4605340439653,7879.707286420072
560,560,0.9955439862516556,3086.6741111249653,4436.10728822352
561,561,0.995577725164815,3141.135302075515,4152.832956809197
562,562,0.9954905522722376,2994.8130348160253,4437.428129868629
563,563,0.9955834669504912,3355.6835892271192,3318.0208946863067
564,564,0.9961445743741668,2902.0424674841565,5214.628709088248
565,565,0.9957069961427693,3175.1527688901274,4608.559087135421
566,566,0.995465929938803,2917.2895681586824,5178.736202826312
567,567,0.9955559589085567,2973.78859186727,4880.930785010441
568,568,0.9954351862408346,3236.5700913204832,3894.029262446613
569,569,0.9959830613661812,2828.171867789191,5258.165588041468
571,571,0.9948516678470616,3472.1292261761714,4221.822049859025
572,572,0.9963003169241496,2815.0105448549466,5137.736560208416
573,573,0.9956653494601498,3179.3136726976686,5257.520702410275
574,574,0.9958406962198564,2937.647623122032,5640.586935327641
576,576,0.9950814895570538,3519.917198075079,3000.4146402347146
577,577,0.9959012813971158,2907.3108823261027,5162.281009691516
578,578,0.9955917981357713,3253.814394868504,3938.6561339198665
580,580,0.9955953946319362,2843.471123695321,8837.318394192886
581,581,0.9954273826687684,3190.897983467734,4085.554245421096
582,582,0.9957095509632292,2947.4343491212007,5367.919544590057
583,583,0.995285726552664,3363.068763584901,3274.6668506813417
584,584,0.9953611095887516,3314.3600878662705,5399.139988405405
585,585,0.9954559476928018,3154.962011198078,5438.491315406627
586,586,0.9959670752369776,3220.9534892924894,4449.418426386107
587,587,0.9958943059138364,2695.364706150387,6203.889045769939
589,589,0.9953022160214304,3290.2499646033584,3722.959448187139
590,590,0.9953906227026824,2763.7577491961647,5479.001270487033
591,591,0.9956797155506824,2927.165657280295,7629.405226296547
592,592,0.9955808547138708,3208.797963971385,4682.026000429536
593,593,0.9958520665684784,2771.178629200305,5846.423677463005
594,594,0.9954496894731586,3100.559395875563,5293.613809359144
595,595,0.9958042435877186,3199.0521558259543,3971.070221675281
596,596,0.9956589006675204,3306.131995316584,4304.380251842366
597,597,0.9960700270239272,2820.787083855316,4864.9980543082975
598,598,0.995534914276736,3097.0013352799724,4359.643041954118
599,599,0.9949966407485584,3300.014290696221,3959.062142684519
600,600,0.996064893752363,2889.080862921231,5718.087093698511
601,601,0.9961341104291788,3057.177464659296,4728.0559804537015
602,602,0.9950458580510224,3514.2506463798986,2700.9141773094057
603,603,0.995509855824269,3059.5997828081863,7065.714881108459
604,604,0.9960639780226028,2950.409247647392,4631.642091558787
605,605,0.9959141515195874,3044.1184967449385,4956.959636954368
606,606,0.9949347139313592,3440.244711934228,6528.284023005015
607,607,0.9960904286008038,2957.261751954078,4848.98548705657
608,608,0.9960742725310298,3032.005956186187,4518.99184603046
609,609,0.9960869730568004,2756.8412240668267,5875.788667092634
610,610,0.9954904029739404,3350.327576747281,4485.825363084358
611,611,0.9959906770160908,2953.0437147454923,5053.037196613387
612,612,0.9957852842598351,2793.804426582582,6633.588832560141
613,613,0.9954216401577984,3302.38732397251,3831.9467349386823
614,614,0.9959320460353656,2958.0543880350647,4564.054201674775
616,616,0.9960549659697936,2539.876057551984,7700.854699436328
617,617,0.9959077111944152,2734.507291768774,5827.527311839974
618,618,0.9954963801871006,3413.6217980266347,4168.239369016244
619,619,0.9951467803634612,3142.30302126007,5987.130290597717
620,620,0.9957606510644318,3032.7514797416484,6353.603322067202
621,621,0.9956198148743528,3357.4336652237407,3411.4993887681526
622,622,0.996287702879766,2549.666098861288,9852.137669018122
623,623,0.9959070282054644,2809.638874786933,5395.770684295157
624,624,0.995400936488921,3241.538259743188,3662.5066715761154
625,625,0.9948305566066824,3565.882990018491,3720.8494605925
626,626,0.995639022003964,2983.267025088986,5296.396811447017
627,627,0.9956987310917584,3064.075305708586,5696.771150866805
628,628,0.9950660662434052,3362.9175976780566,3168.044013606379
629,629,0.9952369507704072,3291.806509521842,5690.446299664294
631,631,0.9953619415582724,3242.644684194747,4568.718691940216
632,632,0.9956812804419698,3239.3410862066635,6919.862516369902
633,633,0.9949960890746978,3316.378120691698,4535.683602190364
634,634,0.9953408832617108,3076.306923152916,4916.304085094855
635,635,0.9958813536000216,2982.3539490090147,4381.866652420596
636,636,0.9952927582778682,3332.53980955696,3289.2041377112428
637,637,0.9953183328401584,3052.532215545703,5056.851899673045
638,638,0.9954316227119916,3246.967681231337,4056.559095605979
639,639,0.9952459988914416,3450.2358924598075,3103.9070829885213
640,640,0.9956637914127378,3018.2730236068214,5054.730707495752
641,641,0.9958965658620932,2944.5662130434034,6321.583315116953
642,642,0.9955413351755624,3114.1694027561703,5042.272064850886
643,643,0.995775324918326,2920.4508199941074,5317.168545084141
644,644,0.9962022810934366,2514.1300732045056,8443.757461513696
645,645,0.995713113062638,2981.746847649216,9822.677279030426
646,646,0.9960115926468688,2729.800978908711,5894.93724608742
647,647,0.9952273568005324,3256.275498342096,3451.8515669162766
648,648,0.9953460399369504,3165.1656420293248,3959.520991911418
649,649,0.994878736643566,3444.424066998504,3070.991058721969
650,650,0.9953411490018792,3253.6762886828405,3663.888087799064
651,651,0.995754512712864,2829.440657038528,6333.8879590634815
652,652,0.995200907437345,2948.072244440904,5575.298770999748
653,653,0.9957038220233166,3372.6466991846382,3073.508775564982
654,654,0.9954551663061928,2927.598361370007,6161.912188828384
655,655,0.996466836267482,2458.618861320236,8819.896505887225
656,656,0.99538487077563,3196.5399010261167,5321.310674351546
657,657,0.9960874026333376,2765.28615254404,5615.124508068768
658,658,0.9951977527286596,3393.251922352524,5124.179379175918
659,659,0.9953199332610349,3134.165152239424,4579.112776049493
660,660,0.99622028009903,2878.835399162984,5917.24369305179
661,661,0.996095382543084,3066.555723719654,4700.194427890158
662,662,0.9954342019254128,3303.9626874628525,3647.4403278837194
663,663,0.9947683508577748,3505.792478968421,2870.258008213903
664,664,0.9953646255587764,3312.4359999194726,4130.9299482877705
665,665,0.9961164402414772,2795.703357502125,6033.100826546027
666,666,0.9958423251861463,3104.032836251989,4369.695193057818
667,667,0.9957479903162912,3065.3311496149,7157.493793660214
668,668,0.9959339408855772,3058.692226872636,4259.279395170115
669,669,0.9954907054865956,3127.1827281760084,7929.726677238543
670,670,0.9954677604525796,2956.7526053423653,5817.039002664852
671,671,0.995115441813483,3162.4582227156907,5040.873135825049
672,672,0.996206522385622,2968.265863815969,4831.715196725862
673,673,0.9960151805772136,2622.267771137301,8761.91630635814
674,674,0.9951596695453234,3343.1534357560163,4595.914073072774
675,675,0.9955244293446094,3387.928846286713,3337.7134148599
676,676,0.9950790874823698,3569.003294048212,2565.0672811052286
677,677,0.99568635859037,3329.580671343333,4784.292682905772
678,678,0.9955000978562888,3478.4413609086687,2920.7174052192413
679,679,0.9958420664657924,2948.806372113393,5892.616494317658
680,680,0.996300807823687,2768.2981564569736,5394.56048110465
681,681,0.9948097693903007,3422.760555936436,4032.301229590232
682,682,0.9957371255373724,2892.8632923768087,8770.692940062047
683,683,0.9949276887266048,3461.1786141781804,3876.336329654828
684,684,0.9956205856596756,3114.988134679858,5869.3063163226
685,685,0.9961103152946508,2780.711553085573,6746.931279200214
686,686,0.995494734368288,3444.113919757249,3024.639419903862
687,687,0.9960672145761164,2764.6794358668685,7833.362442449285
688,688,0.9955496127818416,3272.5752213110823,3762.621342480114
689,689,0.9960666098814042,2871.9148143538628,6099.87755824455
690,690,0.9963543887673793,2722.880554262167,6385.839988812984
692,692,0.9959176614525688,3070.758071450695,5040.216965747699
693,693,0.9959897605493852,3009.293694349903,4647.390999881413
694,694,0.9956146303412692,3151.00856244634,4128.940346928746
695,695,0.9951722614921212,3182.831569787501,7329.862696792805
696,696,0.996064089385852,2737.5512996680604,5782.288849798441
697,697,0.995708719506533,3268.6086412145737,4006.889628112414
698,698,0.9956984103953792,2805.893154105635,8385.814910542365
699,699,0.9952775158489716,3090.2521586022394,4404.364023023858
700,700,0.9963011947535771,2866.790323944543,6183.134901875686
701,701,0.9957507503330758,2982.358387070873,6309.020501282496
702,702,0.995904958167252,2805.922573976476,6750.824366083582
703,703,0.9956363002499796,2710.923409041391,6307.944439559045
704,704,0.9952710508009333,3705.825286631061,2045.2463726790709
705,705,0.9953885286691072,2974.990497052956,5736.015795745224
706,706,0.9963744403434052,2621.1504973473443,9140.448236728596
707,707,0.995529379951234,3203.1052857612995,7559.269662344777
708,708,0.99622963020654,2577.814855502168,6086.4675421370375
709,709,0.9955029962405388,3098.9371792757147,5388.095187426024
710,710,0.995807677259694,2900.624632128896,6654.3547256895545
711,711,0.9953933419469324,3346.433544018683,6117.008375847534
712,712,0.995760671033533,2986.5815034446027,4928.207780078524
713,713,0.9956469323433462,3438.46877360739,2928.7174857107666
714,714,0.9960365176042424,2912.8162726948717,5919.609921981193
715,715,0.9956559228913994,2915.243299050421,4805.138189084973
716,716,0.9954783563552496,2544.7920007063635,8219.758839330896
717,717,0.9955729996495504,3030.99854733276,4496.406945943881
718,718,0.995140471066401,3436.8085088950183,3168.252628383298
719,719,0.99581536326778,3027.1484054384755,4303.923147694409
720,720,0.9953089033107492,3085.5636121506527,4584.349918677187
721,721,0.9949018457877212,3486.952763462387,3162.417664053102
723,723,0.9956083309017196,3104.106183092878,4820.146959229251
724,724,0.9958915481875352,2884.411157512673,5819.707816135212
725,725,0.9947375156883732,3411.4637498529646,2988.05586930913
726,726,0.9952134088908762,3290.1093682297105,6221.50045159852
727,727,0.9953694344199217,3202.780613893182,4078.3088040038583
728,728,0.9954399162642776,3291.8700412844782,3647.600296045873
729,729,0.9955088941742992,2821.405403793646,6782.912803556149
730,730,0.9961215793909064,2914.752143505013,5353.202168624811
731,731,0.9952816823074252,3257.4389891769583,3734.184173527912
732,732,0.9953556129335488,3356.3361049435925,3478.028108073278
733,733,0.9957669330563266,3123.383880500896,5408.295346258003
734,734,0.9950103828265754,3042.0535342786443,7326.904135341776
735,735,0.9957813147302164,3103.5601495912038,4414.314183858202
736,736,0.996143340021416,2819.060718084529,4979.68001259333
737,737,0.9949843054712756,3640.5425735137146,2397.871413135429
738,738,0.9959363852175896,2997.775298770669,8916.108016503993
739,739,0.9960229487876952,2958.66802130609,5732.029421599477
740,740,0.9954671037109156,3334.767403579453,4719.377753158715
741,741,0.9959866484422196,2830.893147084096,7684.931441098212
742,742,0.9955542619438372,3227.1831540203275,4474.42195117375
743,743,0.9956902848610528,3069.92613542531,5797.122809838927
744,744,0.9962998694096356,2748.487714961137,6218.433443141648
745,745,0.9950171941525248,3416.5482840109908,3063.447893824024
746,746,0.9955221872847376,3361.890653521418,3106.1872287384904
747,747,0.99552542228209,3295.8545670882945,3831.8447185762047
748,748,0.9951695969579518,3157.4815689943057,4939.59043448614
749,749,0.9959932828465412,2769.516987569877,8076.848850848192
750,750,0.996218031822822,2584.2707341599817,5933.678066539819
751,751,0.9956697756390478,3098.242754985451,7561.490752543797
752,752,0.9956271650633274,3099.5660910625074,4463.190729704042
753,753,0.9960028968247736,2930.3020061290804,5637.734295316838
755,755,0.9955760604595988,3225.4552829423465,4944.896644729302
756,756,0.9953548967310836,3000.729900827382,7146.548956433051
757,757,0.9958569961105556,2838.0986243656544,5814.89268097027
758,758,0.9964706609127894,2620.2498207229755,6221.790076865197
759,759,0.9956122891222776,3353.0930088530613,3270.212555947401
760,760,0.9963385336050988,2755.585658765077,5546.434503876303
761,761,0.9958784956910298,3110.8659536228065,4690.613815085838
762,762,0.9951886339567112,3078.316981951081,4723.775263900415
763,763,0.9957789284423424,3188.0594943564133,3809.711825418039
764,764,0.9954407178660968,3322.282283924804,3583.7563900053065
765,765,0.9953841643843216,2759.9024346104807,10243.291279429272
767,767,0.995546706913914,2842.083189320664,5573.200544880004
768,768,0.9958411522693996,2697.2341062274263,8379.28052117091
769,769,0.9960809801610891,2824.5833338695243,6943.545661212535
770,770,0.9957010046653254,3124.8203363235216,4453.241106215677
771,771,0.9957808330733658,2725.3412022685093,9922.65735599323
772,772,0.995613196997941,2744.555052836401,6234.199521281334
774,774,0.9956463393136632,3128.73537619481,5185.314448892751
775,775,0.9953693783334564,3198.916941336376,8781.041374881783
777,777,0.9956155889411554,3079.218925670831,4986.413772959289
780,780,0.9958764485910436,3063.3502112844567,6051.279779311087
781,781,0.9957141645273844,3302.45483611734,3754.585196184221
782,782,0.9946231917199528,3358.1196027716246,5375.1954633524
783,783,0.9961730803969095,2751.7603193492664,8861.74960044411
784,784,0.9956351252279187,3060.779108760064,5977.602113435514
785,785,0.9956123947865588,3303.615397487499,3611.992162160009
786,786,0.9959053450630168,3037.341868918193,6462.169864473137
787,787,0.9948443193854968,3466.660738095111,4125.589882095894
789,789,0.9959197463354882,2823.187848820578,9843.458387187882
790,790,0.9961070069723268,2768.447129493172,7820.407079479406
791,791,0.9960045229779806,2651.834565546744,9743.165834385816
792,792,0.9958681063429752,3070.910920641842,4501.938623106978
793,793,0.995890005277662,2696.4112078303706,6568.436641231365
794,794,0.995079854592696,3349.774198079222,3465.1254751852275
795,795,0.9960022672928562,2723.0894887245336,9039.721553628891
796,796,0.9947364905831232,3775.167902474813,2667.354322693574
797,797,0.9946501400584624,3308.7467925818223,4785.166612303347
798,798,0.9957646715154442,3052.632149725922,5243.897947991499
799,799,0.9951733095759918,3138.0911498058585,7882.450784753254
800,800,0.9953961302731156,3182.38626170526,3969.937122175662
801,801,0.9955792900705888,3459.399820677418,2764.497264629271
802,802,0.9955537303330186,3141.3140336550887,4106.833204967618
803,803,0.9950296795386278,3601.562146838364,2565.7233514613663
804,804,0.995923411763253,3135.7975704338573,4490.214836921336
805,805,0.9955846856332796,3065.9687077897806,4346.495290752745
806,806,0.995286729931428,2973.467632573505,4842.410151279628
807,807,0.9961828864548912,2509.340241915001,6807.220645999758
808,808,0.9959552601796872,2870.132992657481,4825.90059123371
809,809,0.9951338555333368,3466.9015233511354,3018.221526138668
810,810,0.9953607687165168,3105.4771241531057,5753.084642903381
811,811,0.9952861933020986,3208.1796216614293,4308.651004432786
812,812,0.9955282422067568,3392.596383581571,2922.9728830114605
814,814,0.9952277635994145,3390.975845113307,4160.054798935071
815,815,0.9960491608735318,3065.0528888974595,4770.530431382102
816,816,0.9961789319534152,2824.510472414333,7055.351335659677
817,817,0.996182160595908,2856.102222840765,9287.537327520582
818,818,0.9959445823569384,2630.7278085448834,8934.799071982914
819,819,0.9959699079144269,2456.81904465547,8708.014593167198
820,820,0.9960836437687612,2525.439134907749,10430.676768420057
821,821,0.9952816767500088,3287.5955786841278,3370.2573858159594
822,822,0.9957934401132644,2948.8518502835573,5143.268813193762
823,823,0.9952055211660992,3365.3246693619803,3570.817654143947
824,824,0.9956863626208344,2731.829831954989,8791.42108571635
825,825,0.995803966294271,2901.1065906836243,6687.394906166329
826,826,0.9957962248816588,2852.249798496864,6172.897930715295
827,827,0.9959829155614528,2840.1052612836893,5362.6394349657
828,828,0.9955196542086788,3014.2569407765977,6154.7300946672985
829,829,0.9962717873339296,2589.6235201984027,9535.53255061682
830,830,0.9956546180659746,2852.3993429607576,7278.164074288226
831,831,0.9960612314340124,2836.8685596724085,5239.2721517549735
832,832,0.9947211151676876,3397.197453980636,3868.483669026732
833,833,0.9955717024413568,3425.9114077317254,3679.99274317023
834,834,0.9958460662874004,2912.8392514066104,5793.313619564673
835,835,0.9957722554804024,3073.895471448341,4300.004399289513
836,836,0.9957161712876972,2860.9254147140955,10355.566820428512
837,837,0.9952757588336132,3051.9080773752703,4202.24178677567
838,838,0.9957363939576036,3104.738857992349,4501.0188297443765
839,839,0.9952581053017592,3249.9597680842567,4531.127921065678
840,840,0.9961602418804698,2550.2164029062524,9074.130977282628
841,841,0.9954921663891496,3456.096527903882,3378.5108668940984
842,842,0.9952984025046024,3122.04511679833,6179.646512311782
843,843,0.9957456785491424,3002.2199172653272,4732.8800539726735
845,845,0.9948942581610792,3561.69967229517,2836.121601061027
846,846,0.99592692365269,2655.750264863553,7032.673045938296
847,847,0.995552325340874,3235.211314596474,4638.7423256195325
848,848,0.9955340479534912,2873.1457503997603,6563.848822800825
849,849,0.9958984433619053,2681.490205189175,9854.660127261675
850,850,0.995241258927726,3443.0241516341125,3110.2093791935067
851,851,0.995547165989452,3431.930300151719,3157.6256694271906
852,852,0.9950415289372428,3209.440578475658,5783.940346615184
853,853,0.995523992022651,3076.216254688873,5315.278647388072
854,854,0.9950727343233468,2964.155813447262,5699.67670417594
855,855,0.9951692412049478,2871.316963186175,8879.108112904165
856,856,0.9960347368559694,3036.469843903646,5016.004867397868
857,857,0.9954001102561614,3185.62725939865,3694.280113775364
859,859,0.9960608162556644,2819.343826282104,6550.507135803628
860,860,0.9958867713898664,2682.508157093678,7245.14236924265
861,861,0.995173987253617,3475.101686401655,2851.669154712359
862,862,0.9955329613228168,3102.931330202312,4625.064833663482
863,863,0.9957089090080528,3050.3060639592395,6247.7717216044375
864,864,0.9953928215767496,3135.351763111956,4480.53560049254
865,865,0.995781451050906,3143.9401461656403,4095.1884338617
866,866,0.9951912907046544,3242.3098648182454,5214.058898559052
867,867,0.9950777791818723,3108.9520279819512,8426.837702646993
868,868,0.9955838957201923,3158.3270173696687,3970.493300565313
869,869,0.995581015310982,3109.486569264978,5122.542933020611
871,871,0.9952163002610656,2920.9064933187187,5811.851018996256
872,872,0.995401811887744,3000.121168399361,5055.369964642225
874,874,0.9959617961898845,3134.0857908070598,4350.606344764452
875,875,0.995302039483368,3533.297192502505,2791.408988982801
876,876,0.9955616076298496,3008.197270381365,8224.714166990116
877,877,0.9954394330901408,3266.959994588492,3610.709192398072
878,878,0.995133919469726,3165.1701509456857,4728.592623701515
879,879,0.9951404880867082,3439.316137273613,2909.371904978924
880,880,0.9955784052215672,2880.4770297884293,6857.0124728828505
881,881,0.9960085056639024,2852.223404997438,5501.199882119583
884,884,0.9955013153828116,2895.786681494237,6793.652270834014
885,885,0.9958213664553176,2860.037002826717,6692.31745691359
886,886,0.996121356031805,2914.916718799348,4835.973530920278
887,887,0.9960069638257866,2935.3035479702767,5372.72576016898
888,888,0.9957456627086848,3042.880518649555,6995.844749777339
889,889,0.9951984819130846,3170.2456581837523,5333.070889999965
890,890,0.9955340339933364,3146.407579125311,6573.815525117574
891,891,0.996139819289477,2863.0630800593053,5339.8393781932655
892,892,0.9956336034078858,3009.6951071987705,4484.946092778372
893,893,0.9956918374297298,3029.339230915831,4956.835101813364
894,894,0.9952413522829072,2998.642687640808,5304.079295292972
895,895,0.9956096012797466,2985.609926987505,9861.50474962459
896,896,0.9959786490644996,2973.403273382381,5151.755862405504
897,897,0.9950766954374282,3365.415246309288,4692.964125673407
898,898,0.9955178169543468,3025.9594023654736,5444.224819431845
899,899,0.99544659517194,2642.60211550796,10092.97879593338
900,900,0.9956490750637458,2913.8558665253177,6291.171495259556
901,901,0.99546334714555,3180.6777942625736,4498.29452471872
902,902,0.9950093669095512,3234.720848164521,4258.463291182789
905,905,0.995617225854356,3068.201568669838,4515.284538183266
906,906,0.9950129879257044,2917.3181580475643,5933.94553054496
907,907,0.9952738624970782,3307.207588018936,3433.399718042176
908,908,0.99542344581153,3078.526944960583,6438.951627414093
909,909,0.9963042216242955,2846.3259566717397,5401.028938257525
910,910,0.995527929814285,3206.53510791832,3769.113699584832
911,911,0.995806826014563,2907.6060236811045,4932.577424602141
912,912,0.995187830459086,3110.770713560381,6073.331326474935
913,913,0.9951508378091192,3120.4581901993115,4776.636339586644
914,914,0.9953597886742525,3318.40587663555,3320.730370876718
915,915,0.9961680270130372,2680.581236376379,6456.498881271888
916,916,0.9957860344426398,2719.8021861119414,9180.397283050674
917,917,0.9953165221676848,3108.107534655009,5788.1131719721725
918,918,0.9953942486589936,2703.474163793902,6057.407857191579
919,919,0.9957475594850204,3265.412208667275,3962.36659111779
920,920,0.9959011029220196,2894.40044434432,5550.935252748953
921,921,0.9955853131906016,3363.197622070454,3719.877528431762
922,922,0.9955664330602468,3183.155186768697,4959.141068291419
924,924,0.995529590349169,2794.876768555632,8622.878235429018
925,925,0.9958254316441598,2832.4982717709395,7066.770604413686
927,927,0.9957931150027898,3023.8746528333104,4572.563428059015
928,928,0.9954646437566051,3158.403562644569,7625.683180872876
931,931,0.9953979788962776,2692.3450917022774,6547.494476846128
932,932,0.9959312330677244,2792.850650955384,8372.047379898131
933,933,0.9958290096283704,2718.0948828875416,8220.622273647963
934,934,0.9952985745783748,3178.780605362278,4966.002916006161
935,935,0.995800023966996,3127.54777471077,4121.260918519379
937,937,0.9955095503064644,3369.838832279658,3697.375897491943
938,938,0.9958518052073548,3095.70278771338,4238.485849083352
939,939,0.9957384393275418,3084.8287908321468,4828.380289510343
940,940,0.9949268371187474,3260.869018041215,5669.529769632909
941,941,0.9956330579507716,3035.585224406057,4557.455877697983
942,942,0.9959245455240416,3099.210861867335,4332.323074033448
943,943,0.9954810295426404,2956.0665104214545,5910.567662365007
944,944,0.9946090549605562,3269.993994447583,6346.456432125406
947,947,0.9955623865671236,3098.3484167135366,4568.023994989454
948,948,0.9958237541716668,3050.697459356581,5659.679365199708
950,950,0.9952411218919338,3280.481998204851,3742.491962555447
951,951,0.99499149717016,3324.950465597147,4305.700715857272
952,952,0.9956893774083538,2800.5525097216537,5767.93701585716
953,953,0.9957008031521508,2952.335134505535,7701.92398291285
954,954,0.9957895744402911,3145.930796311732,3986.9984756717386
956,956,0.9958197816705876,2903.111801131048,8420.909535730414
958,958,0.9959931669669256,2909.419424830949,5590.715520202297
959,959,0.9950852547400894,3104.84316978518,4711.772410074717
960,960,0.996098276107808,3056.938694524108,4681.938133790141
962,962,0.9955194748201436,2848.7234029271985,5460.767552737224
963,963,0.9954970796210608,2804.902746115204,10486.161800057758
964,964,0.9946772536692567,3291.522501049519,3428.970435076561
965,965,0.9957507956939003,2873.893092191321,6033.37741131424
966,966,0.9957267115818204,3233.195356718359,3727.8885799290088
967,967,0.9963999444978882,2667.5530888078465,8347.690714385315
968,968,0.9954082729788049,3048.129275979213,4558.866940388867
969,969,0.9952017751941136,3220.7390810627885,5044.0191847037
970,970,0.9950015691961396,3087.055819582596,8707.048476350981
971,971,0.9957988244579123,2562.3333054537165,8916.113951995845
972,972,0.9958575696593316,2811.8114287618614,5814.265244547915
973,973,0.9950546455108364,2833.863968053138,7012.711035623006
974,974,0.9955913657823552,3230.213221952799,3981.233479959592
975,975,0.995178338088051,3346.246719640588,3198.889937233341
976,976,0.995346855515369,2835.100906429762,7865.459953847527
977,977,0.9956986630568676,3284.5509246614565,3768.414116927904
978,978,0.9960434760895466,2680.783065231738,6925.098966925716
979,979,0.9960081405953682,2609.5396741905083,9663.16286103296
980,980,0.9954038259272688,3038.713201985184,5960.910214177659
981,981,0.9958033143148394,2783.040757150437,7182.525655417332
983,983,0.9957233899932638,2869.5170188757734,8489.85949490399
984,984,0.996510970871233,2519.4216198979348,6880.869654041164
985,985,0.9960451554520062,2861.0694623551685,9247.519601595295
986,986,0.9961448404413276,2849.7178054251603,5208.88132125634
987,987,0.9954158912425682,3392.47697702609,4014.449807743536
988,988,0.9961810999078912,3023.356984298301,4531.07908600595
989,989,0.9964295915213296,2578.8558904881834,7462.007173338133
990,990,0.9961470924804317,2780.453684704327,9476.931314711766
991,991,0.9958336167152908,2688.7463990329097,5817.445528462833
992,992,0.9959139996008888,2990.471843028089,5190.258124380694
993,993,0.9960655251918236,3086.4363005772184,5161.115206377069
994,994,0.9953945118292916,3243.459661956598,4268.532956790393
995,995,0.995380388401382,3311.6755783701983,4400.768573552313
996,996,0.9954734706248672,3218.404259302856,3812.822809713504
997,997,0.9960389429828204,2908.112518119,8199.956137451238
998,998,0.9958308286393592,3152.769410823095,4209.897917592379
999,999,0.9958341444367144,3259.715762907474,3636.3160847229456
1000,1000,0.9952017298179884,3025.418980823491,7534.335239000868
