,gdp,gnp,real_gdp,real_gdp_per_capita,net_exports,gni,govt_spending,consumer_spending,private_domestic_investment,cpi,consumer_oil_price,ir,unemployment_rate,Close,Volume,ClosePrev,CloseNext
1950-07-01,308.153,309.76,2340.112,15398.0,-0.74,307.413,600.663,200.505,1.247,24.203,11.267,1.61,4.6,18.180000000000003,27607407.333333332,17.186666666666664,18.570000000000004
1950-10-01,319.945,321.554,2384.92,15623.0,-0.154,319.791,643.1,197.946,1.289,24.693,11.5,1.75,4.2,18.570000000000004,22603703.333333332,18.180000000000003,19.816666666666666
1951-01-01,336.0,337.537,2417.311,15769.0,0.177,336.177,711.537,209.207,1.296,25.697,11.7,1.75,3.5,19.816666666666666,30681482.333333332,18.570000000000004,21.62
1951-04-01,344.09,345.973,2459.196,15979.0,1.943,346.03299999999996,806.376,204.942,1.332,25.947,11.933,1.75,3.1,21.62,30205554.666666668,19.816666666666666,21.636666666666667
1951-07-01,351.385,353.381,2509.88,16234.0,3.742,355.127,895.015,207.616,1.385,25.933,11.933,1.75,3.2,21.636666666666667,21727777.666666668,21.62,22.98
1951-10-01,356.178,358.33,2515.408,16192.0,4.19,360.368,942.35,211.59,1.493,26.317,11.833,1.75,3.4,22.98,18155554.666666668,21.636666666666667,23.19666666666667
1952-01-01,359.82,361.821,2542.286,16299.0,3.721,363.541,970.394,212.969,1.668,26.417,11.833,1.75,3.1,23.19666666666667,20477779.0,22.98,23.923333333333336
1952-04-01,361.03,363.049,2547.762,16271.0,1.951,362.981,1003.463,217.088,1.798,26.487,11.967,1.75,3.0,23.923333333333336,19403704.333333332,23.19666666666667,24.046666666666667
1952-07-01,367.701,369.683,2566.153,16317.0,-0.004,367.697,1013.614,219.553,1.948,26.667,12.233,1.75,3.2,24.046666666666667,15585185.333333334,23.923333333333336,24.99
1952-10-01,380.812,382.751,2650.431,16776.0,-1.013,379.79900000000004,1030.52,227.67,2.136,26.697,12.333,1.75,2.8,24.99,12794444.333333334,24.046666666666667,25.583333333333332
1953-01-01,387.98,389.888,2699.699,17025.0,-0.667,387.31300000000005,1063.166,231.22,2.264,26.62,12.433,1.96,2.7,25.583333333333332,17894445.333333332,24.99,25.856666666666666
1953-04-01,391.749,393.801,2720.566,17093.0,-1.251,390.49800000000005,1084.966,232.96,2.384,26.72,12.567,2.0,2.6,25.856666666666666,19766667.666666668,25.583333333333332,24.433333333333334
1953-07-01,391.171,392.98,2705.258,16920.0,-0.552,390.61899999999997,1073.448,233.666,2.46,26.843,12.733,2.0,2.7,24.433333333333334,15959258.666666666,25.856666666666666,23.80666666666667
1953-10-01,385.97,387.798,2664.302,16586.0,-0.335,385.63500000000005,1070.774,233.112,2.506,26.89,12.667,2.0,3.7,23.80666666666667,13570372.0,24.433333333333334,24.703333333333333
1954-01-01,385.345,387.345,2651.566,16436.0,-0.356,384.98900000000003,1042.939,235.154,2.532,26.953,12.633,1.85,5.3,24.703333333333333,16388888.333333334,23.80666666666667,26.39
1954-04-01,386.121,388.119,2654.456,16387.0,0.254,386.375,1007.623,237.885,2.544,26.91,12.533,1.54,5.8,26.39,20505555.666666668,24.703333333333333,28.886666666666667
1954-07-01,390.996,393.034,2684.434,16496.0,0.574,391.57,985.832,240.303,2.532,26.84,12.5,1.5,6.0,28.886666666666667,23635185.0,26.39,31.006666666666664
1954-10-01,399.734,402.077,2736.96,16737.0,1.145,400.87899999999996,979.897,245.093,2.542,26.757,12.6,1.5,5.3,31.006666666666664,27770369.666666668,28.886666666666667,33.96666666666667
1955-01-01,413.073,415.496,2815.134,17144.0,1.104,414.17699999999996,980.472,251.398,2.489,26.793,12.633,1.5,4.7,33.96666666666667,34011111.333333336,31.006666666666664,36.656666666666666
1955-04-01,421.532,423.93,2860.942,17353.0,-0.155,421.377,970.852,256.466,2.575,26.757,12.7,1.71,4.4,36.656666666666666,37266665.333333336,33.96666666666667,38.96666666666667
1955-07-01,430.221,432.668,2899.578,17508.0,0.724,430.945,977.063,260.651,2.719,26.777,12.733,1.97,4.1,38.96666666666667,29140740.666666668,36.656666666666666,43.45666666666667
1955-10-01,437.092,439.619,2916.985,17528.0,0.24,437.332,957.677,264.639,2.962,26.857,12.833,2.37,4.2,43.45666666666667,27842593.0,38.96666666666667,44.44333333333333
1956-01-01,439.746,442.597,2905.656,17388.0,0.44,440.186,957.429,266.156,3.294,26.86,13.033,2.5,4.0,44.44333333333333,25833333.666666668,43.45666666666667,45.879999999999995
1956-04-01,446.01,448.848,2929.666,17461.0,1.909,447.919,976.761,268.834,3.546,27.037,13.2,2.72,4.2,45.879999999999995,28488889.666666668,44.44333333333333,46.85
1956-07-01,451.191,454.125,2927.034,17364.0,2.569,453.76,968.179,272.075,3.677,27.317,13.3,2.85,4.1,46.85,26757407.666666668,45.879999999999995,47.416666666666664
1956-10-01,460.463,463.023,2975.209,17562.0,4.527,464.99,992.811,277.445,3.77,27.55,13.6,3.0,4.1,47.416666666666664,23577776.333333332,46.85,45.776666666666664
1957-01-01,469.779,472.864,2994.259,17595.0,4.819,474.598,1014.096,281.889,3.711,27.777,13.9,3.0,3.9,45.776666666666664,24107406.666666668,47.416666666666664,44.029999999999994
1957-04-01,472.025,475.392,2987.699,17485.0,4.099,476.12399999999997,1008.852,284.176,3.684,28.013,14.0,3.0,4.1,44.029999999999994,22461111.333333332,45.776666666666664,46.846666666666664
1957-07-01,479.49,482.723,3016.979,17578.0,3.997,483.487,1017.442,288.75,3.727,28.263,14.033,3.22,4.2,46.846666666666664,26725925.0,44.029999999999994,45.18333333333334
1957-10-01,474.864,477.398,2985.775,17317.0,3.388,478.25199999999995,1034.18,290.368,3.773,28.4,13.967,3.24,4.9,45.18333333333334,23427777.0,46.846666666666664,40.92333333333334
1958-01-01,467.54,470.17,2908.281,16805.0,1.079,468.619,1025.248,289.888,3.839,28.737,13.733,2.68,6.3,40.92333333333334,30851850.666666668,45.18333333333334,41.546666666666674
1958-04-01,471.978,474.672,2927.395,16850.0,0.471,472.449,1050.823,292.819,3.906,28.93,13.633,1.84,7.4,41.546666666666674,25314814.0,40.92333333333334,44.25666666666667
1958-07-01,485.841,488.446,2995.112,17166.0,0.856,486.697,1056.856,297.893,4.05,28.913,13.8,1.8,7.3,44.25666666666667,29811110.333333332,41.546666666666674,48.333333333333336
1958-10-01,499.555,502.14,3065.141,17486.0,-0.26,499.295,1078.163,301.823,4.171,28.943,13.8,2.3,6.4,48.333333333333336,37716666.0,44.25666666666667,53.00666666666667
1959-01-01,510.33,512.913,3123.978,17745.0,0.519,510.849,1067.197,309.449,4.247,28.993,13.933,2.64,5.8,53.00666666666667,45427777.333333336,48.333333333333336,55.43333333333334
1959-04-01,522.653,525.253,3194.429,18075.0,-0.768,521.885,1080.416,315.505,4.367,29.043,13.967,3.18,5.1,55.43333333333334,42862963.0,53.00666666666667,58.24666666666667
1959-07-01,525.034,527.864,3196.683,18011.0,1.211,526.245,1089.655,320.725,4.4,29.193,13.833,3.61,5.3,58.24666666666667,39092593.0,55.43333333333334,58.99666666666667
1959-10-01,528.6,531.63,3205.79,17983.0,0.627,529.227,1080.744,322.842,4.517,29.37,13.8,4.0,5.6,58.99666666666667,33231481.666666668,58.24666666666667,58.56333333333333
1960-01-01,542.648,545.575,3277.847,18279.0,2.858,545.506,1062.312,326.364,4.736,29.397,13.8,4.0,5.1,58.56333333333333,36674074.0,58.99666666666667,55.69
1960-04-01,541.08,544.084,3260.177,18072.0,3.395,544.475,1074.24,332.208,4.86,29.573,13.767,3.88,5.2,55.69,35209259.666666664,58.56333333333333,55.70666666666667
1960-07-01,545.604,548.768,3276.133,18070.0,4.682,550.2860000000001,1100.511,332.126,4.92,29.59,13.8,3.23,5.5,55.70666666666667,37512963.333333336,55.69,55.330000000000005
1960-10-01,540.197,543.553,3234.087,17768.0,5.88,546.077,1108.142,334.024,4.951,29.78,13.833,3.0,6.3,55.330000000000005,33338888.666666668,55.70666666666667,55.68000000000001
1961-01-01,545.018,548.594,3255.914,17828.0,5.902,550.9200000000001,1124.596,334.52,4.993,29.84,14.033,3.0,6.8,55.68000000000001,35872222.666666664,55.330000000000005,63.42666666666667
1961-04-01,555.545,558.945,3311.181,18061.0,4.727,560.2719999999999,1127.411,339.455,5.099,29.83,14.1,3.0,7.0,63.42666666666667,54961110.666666664,55.68000000000001,65.50333333333333
1961-07-01,567.664,571.166,3374.742,18331.0,4.453,572.117,1151.491,342.332,5.209,29.947,14.133,3.0,6.8,65.50333333333333,50331481.0,63.42666666666667,67.18666666666667
1961-10-01,580.612,584.209,3440.924,18610.0,4.572,585.184,1176.737,349.593,5.338,29.99,14.1,3.0,6.2,67.18666666666667,38175926.666666664,65.50333333333333,70.49666666666667
1962-01-01,594.013,597.614,3502.298,18875.0,4.01,598.023,1199.445,354.822,5.438,30.107,14.1,3.0,5.6,70.49666666666667,45024075.333333336,67.18666666666667,69.45
1962-04-01,600.366,604.358,3533.947,18979.0,4.777,605.143,1205.504,360.458,5.567,30.22,14.1,3.0,5.5,69.45,39881481.666666664,70.49666666666667,59.873333333333335
1962-07-01,609.027,613.078,3577.362,19138.0,4.482,613.509,1233.332,364.333,5.64,30.307,14.133,3.0,5.6,59.873333333333335,51190741.0,69.45,57.873333333333335
1962-10-01,612.28,617.01,3589.128,19124.0,3.133,615.413,1241.851,370.618,5.719,30.38,14.3,3.0,5.5,57.873333333333335,40268518.666666664,59.873333333333335,60.626666666666665
1963-01-01,621.672,626.179,3628.306,19269.0,3.976,625.648,1225.005,374.283,5.823,30.477,14.3,3.0,5.8,60.626666666666665,47329629.666666664,57.873333333333335,65.68666666666667
1963-04-01,629.752,634.089,3669.02,19422.0,5.558,635.31,1225.904,378.413,5.938,30.533,14.4,3.0,5.7,65.68666666666667,47379630.0,60.626666666666665,69.99
1963-07-01,644.444,648.882,3749.681,19774.0,4.511,648.9549999999999,1280.295,385.394,6.045,30.72,14.5,3.41,5.5,69.99,55914814.333333336,65.68666666666667,71.11
1963-10-01,653.938,658.563,3774.264,19827.0,5.711,659.649,1267.045,390.049,6.143,30.803,14.533,3.5,5.6,71.11,50848148.666666664,69.99,74.08666666666666
1964-01-01,669.822,674.88,3853.835,20182.0,7.213,677.035,1270.997,399.581,6.255,30.93,14.5,3.5,5.5,74.08666666666666,58335184.333333336,71.11,77.94
1964-04-01,678.674,683.549,3895.793,20337.0,6.305,684.9789999999999,1282.412,407.536,6.404,30.98,14.267,3.5,5.2,77.94,58979629.0,74.08666666666666,80.50666666666666
1964-07-01,692.031,697.079,3956.657,20580.0,6.946,698.977,1283.929,416.422,6.561,31.05,14.2,3.5,5.0,80.50666666666666,59035184.666666664,77.94,83.06333333333333
1964-10-01,697.319,702.017,3968.878,20571.0,7.195,704.514,1283.386,418.987,6.72,31.193,14.367,3.71,5.0,83.06333333333333,54562962.666666664,80.50666666666666,84.67666666666666
1965-01-01,717.79,723.225,4064.915,21011.0,4.512,722.3019999999999,1281.91,429.711,6.929,31.29,14.567,4.0,4.9,84.67666666666666,56333332.666666664,83.06333333333333,87.05
1965-04-01,730.191,735.832,4116.267,21219.0,6.688,736.879,1297.074,436.642,7.115,31.49,14.6,4.0,4.7,87.05,64118518.0,84.67666666666666,87.21666666666665
1965-07-01,749.323,754.576,4207.782,21618.0,5.521,754.8439999999999,1340.109,445.804,7.298,31.583,14.567,4.0,4.4,87.21666666666665,66198150.0,87.05,87.46
1965-10-01,771.857,776.644,4304.731,22044.0,5.75,777.607,1365.498,459.736,7.531,31.75,14.867,4.14,4.1,87.46,64703704.333333336,87.21666666666665,92.15333333333335
1966-01-01,795.734,800.732,4409.518,22525.0,4.367,800.101,1390.947,470.136,7.716,32.047,14.933,4.5,3.9,92.15333333333335,93009259.66666667,87.46,91.11
1966-04-01,804.981,810.033,4424.581,22543.0,4.632,809.6129999999999,1417.226,475.189,7.96,32.337,15.033,4.5,3.8,91.11,100011111.66666667,92.15333333333335,87.31
1966-07-01,819.638,824.605,4462.053,22664.0,2.687,822.325,1455.85,484.291,8.213,32.617,15.0,4.5,3.8,87.31,92203703.66666667,91.11,79.08666666666666
1966-10-01,833.302,838.565,4498.66,22780.0,3.765,837.067,1480.985,490.06,8.447,32.883,15.1,4.5,3.7,79.08666666666666,74494445.33333333,87.31,80.32666666666667
1967-01-01,844.17,849.391,4538.498,22926.0,4.453,848.6229999999999,1543.56,494.317,8.682,32.967,15.367,4.5,3.8,80.32666666666667,84640740.66666667,79.08666666666666,87.86333333333333
1967-04-01,848.983,854.063,4541.28,22883.0,4.219,853.202,1537.155,503.458,8.87,33.167,15.4,4.03,3.8,87.86333333333333,113888889.33333333,80.32666666666667,91.24333333333334
1967-07-01,865.233,870.922,4584.246,23035.0,3.302,868.535,1554.237,510.717,9.101,33.5,15.533,4.0,3.8,91.24333333333334,114566666.0,87.86333333333333,95.03333333333332
1967-10-01,881.439,887.023,4618.812,23144.0,2.244,883.683,1566.046,518.249,9.295,33.867,15.667,4.23,3.9,95.03333333333332,116572222.0,91.24333333333334,94.58999999999999
1968-01-01,909.387,915.204,4713.013,23566.0,1.054,910.4409999999999,1594.047,536.297,9.553,34.2,15.733,4.55,3.7,94.58999999999999,123272221.33333333,95.03333333333332,90.60000000000001
1968-04-01,934.344,940.344,4791.758,23905.0,1.749,936.0930000000001,1602.315,550.014,9.795,34.533,15.933,5.4,3.6,90.60000000000001,116622223.0,94.58999999999999,98.57333333333332
1968-07-01,950.825,957.077,4828.892,24025.0,1.65,952.475,1607.115,566.122,10.038,35.0,16.1,5.41,3.5,98.57333333333332,156424073.33333334,90.60000000000001,99.75666666666666
1968-10-01,968.03,974.301,4847.885,24054.0,0.945,968.975,1608.573,574.977,10.316,35.433,16.1,5.29,3.4,99.75666666666666,123096296.33333333,98.57333333333332,105.21333333333332
1969-01-01,993.337,999.671,4923.76,24380.0,0.239,993.576,1612.219,587.005,10.574,35.867,16.133,5.5,3.4,105.21333333333332,146579630.33333334,99.75666666666666,100.88333333333333
1969-04-01,1009.02,1015.181,4938.728,24399.0,1.104,1010.124,1607.192,598.337,10.87,36.433,16.267,5.98,3.4,100.88333333333333,124666666.33333333,105.21333333333332,101.61999999999999
1969-07-01,1029.956,1035.904,4971.349,24491.0,1.231,1031.187,1610.451,608.626,11.138,36.933,16.4,6.0,3.6,101.61999999999999,134933334.0,100.88333333333333,93.48666666666668
1969-10-01,1038.147,1044.164,4947.104,24300.0,3.149,1041.2959999999998,1588.788,620.586,11.346,37.5,16.533,6.0,3.6,93.48666666666668,120200001.33333333,101.61999999999999,94.33
1970-01-01,1051.2,1057.487,4939.759,24204.0,3.514,1054.714,1581.147,631.685,11.429,38.1,16.567,6.0,4.2,94.33,147418517.33333334,93.48666666666668,88.05
1970-04-01,1067.375,1074.012,4946.77,24163.0,5.207,1072.582,1562.764,641.57,11.45,38.633,16.733,6.0,4.8,88.05,122657407.0,94.33,76.92999999999999
1970-07-01,1086.059,1092.643,4992.357,24303.0,4.088,1090.147,1569.37,653.482,11.542,39.033,17.2,6.0,5.2,76.92999999999999,131066666.66666667,88.05,81.29
1970-10-01,1088.608,1094.672,4938.857,23960.0,2.985,1091.5929999999998,1570.101,660.161,11.491,39.6,17.7,5.79,5.8,81.29,138837037.0,76.92999999999999,87.53333333333335
1971-01-01,1135.156,1142.57,5072.996,24535.0,4.57,1139.7259999999999,1547.139,679.186,11.693,39.933,17.933,4.96,5.9,87.53333333333335,153129630.66666666,81.29,97.64666666666666
1971-04-01,1156.271,1164.246,5100.447,24597.0,-0.401,1155.87,1543.584,693.225,11.859,40.3,18.1,4.75,5.9,97.64666666666666,205474073.33333334,87.53333333333335,100.75999999999999
1971-07-01,1177.675,1184.935,5142.422,24723.0,0.236,1177.911,1542.778,705.599,11.968,40.7,18.4,4.96,6.0,100.75999999999999,187505557.0,97.64666666666666,97.65000000000002
1971-10-01,1190.297,1198.025,5154.547,24705.0,-1.92,1188.377,1531.936,721.739,12.129,41.0,18.367,4.84,5.9,97.65000000000002,155274074.0,100.75999999999999,96.77
1972-01-01,1230.609,1238.784,5249.337,25099.0,-3.534,1227.0749999999998,1540.394,738.948,12.486,41.333,18.133,4.5,5.8,96.77,172994446.0,97.65000000000002,105.90333333333332
1972-04-01,1266.369,1274.485,5368.485,25608.0,-4.258,1262.1109999999999,1546.593,757.364,12.726,41.6,18.267,4.5,5.7,105.90333333333332,214703703.66666666,96.77,108.11333333333333
1972-07-01,1290.566,1299.485,5419.184,25783.0,-2.638,1287.928,1517.139,775.799,12.964,41.933,18.5,4.5,5.6,108.11333333333333,188583335.66666666,105.90333333333332,109.67666666666668
1972-10-01,1328.904,1337.927,5509.926,26146.0,-3.061,1325.843,1529.691,800.502,13.415,42.367,18.467,4.5,5.4,109.67666666666668,165188888.33333334,108.11333333333333,115.43333333333334
1973-01-01,1377.49,1388.16,5646.286,26735.0,-1.4,1376.09,1542.861,825.007,13.915,43.033,19.067,5.11,4.9,115.43333333333334,197703703.33333334,109.67666666666668,113.07666666666667
1973-04-01,1413.887,1425.513,5707.755,26966.0,2.454,1416.341,1531.988,840.527,14.367,43.933,20.067,5.91,4.9,113.07666666666667,195433333.33333334,115.43333333333334,105.39333333333333
1973-07-01,1433.838,1447.715,5677.738,26758.0,6.437,1440.2749999999999,1513.965,858.877,14.809,44.8,20.867,7.26,4.8,105.39333333333333,163694445.33333334,113.07666666666667,106.96666666666665
1973-10-01,1476.289,1490.591,5731.632,26946.0,8.952,1485.241,1525.325,873.887,15.312,45.933,24.333,7.5,4.8,106.96666666666665,168761111.0,105.39333333333333,100.60000000000001
1974-01-01,1491.209,1508.276,5682.353,26660.0,6.394,1497.603,1552.878,891.868,15.712,47.3,30.3,7.5,5.1,100.60000000000001,223551852.0,106.96666666666665,95.58999999999999
1974-04-01,1530.056,1546.453,5695.859,26666.0,-2.714,1527.342,1560.657,920.422,16.211,48.567,32.533,7.87,5.2,95.58999999999999,172140741.33333334,100.60000000000001,87.86333333333334
1974-07-01,1560.026,1575.303,5642.025,26347.0,-6.972,1553.054,1563.766,949.276,16.71,49.933,34.733,8.0,5.6,87.86333333333334,143474073.0,95.58999999999999,71.66666666666667
1974-10-01,1599.679,1613.018,5620.126,26177.0,0.033,1599.712,1571.26,959.079,16.928,51.467,35.433,7.94,6.6,71.66666666666667,154488889.0,87.86333333333334,70.81
1975-01-01,1616.116,1627.512,5551.713,25806.0,16.481,1632.597,1588.372,985.19,16.936,52.567,34.867,6.87,8.3,70.81,181303704.0,71.66666666666667,80.64333333333333
1975-04-01,1651.853,1663.509,5591.382,25928.0,21.582,1673.4350000000002,1574.948,1013.582,17.151,53.2,35.633,6.12,8.9,80.64333333333333,242555556.0,70.81,91.21333333333332
1975-07-01,1709.82,1722.818,5687.087,26294.0,12.043,1721.8629999999998,1604.369,1047.192,17.688,54.267,37.1,6.0,8.5,91.21333333333332,251081482.33333334,80.64333333333333,86.5
1975-10-01,1761.831,1777.797,5763.665,26579.0,13.801,1775.6319999999998,1618.424,1076.223,18.277,55.267,38.133,6.0,8.3,86.5,184864814.66666666,91.21333333333332,90.15666666666668
1976-01-01,1820.487,1836.233,5893.276,27119.0,4.65,1825.1370000000002,1620.97,1109.908,18.921,55.9,38.167,5.6,7.7,90.15666666666668,191355554.66666666,86.5,101.11333333333333
1976-04-01,1852.332,1868.977,5936.515,27260.0,-0.496,1851.836,1602.934,1129.54,19.366,56.4,38.1,5.5,7.6,101.11333333333333,326214814.3333333,90.15666666666668,102.03333333333335
1976-07-01,1886.558,1903.677,5969.089,27339.0,-4.073,1882.485,1598.243,1158.806,19.829,57.3,38.833,5.5,7.7,102.03333333333335,215814816.0,101.11333333333333,103.86333333333333
1976-10-01,1934.273,1952.15,6012.356,27464.0,-6.603,1927.6699999999998,1597.264,1192.408,20.276,58.133,40.267,5.39,7.8,103.86333333333333,213924074.66666666,102.03333333333335,104.15333333333332
1977-01-01,1988.648,2009.413,6083.391,27724.0,-21.079,1967.569,1610.842,1228.212,20.721,59.2,42.433,5.25,7.5,104.15333333333332,236474073.66666666,103.86333333333333,100.08999999999999
1977-04-01,2055.909,2076.658,6201.659,28195.0,-21.136,2034.7730000000001,1625.58,1255.98,21.459,60.233,43.333,5.25,7.1,100.08999999999999,247175925.0,104.15333333333332,98.34666666666668
1977-07-01,2118.473,2139.358,6313.559,28623.0,-20.579,2097.894,1632.108,1286.905,22.082,61.067,44.3,5.42,6.9,98.34666666666668,243338889.0,100.08999999999999,97.38333333333333
1977-10-01,2164.27,2183.039,6313.697,28543.0,-29.582,2134.688,1628.216,1324.804,22.768,61.967,45.533,5.93,6.7,97.38333333333333,235148149.0,98.34666666666668,94.08999999999999
1978-01-01,2202.76,2224.853,6333.848,28567.0,-38.681,2164.079,1628.631,1354.053,23.436,63.033,45.4,6.46,6.3,94.08999999999999,251688889.33333334,97.38333333333333,88.5
1978-04-01,2331.633,2350.382,6578.605,29596.0,-22.624,2309.009,1669.477,1411.385,24.547,64.467,45.733,6.78,6.0,88.5,239688889.33333334,94.08999999999999,96.53333333333335
1978-07-01,2395.053,2415.943,6644.754,29806.0,-23.76,2371.2929999999997,1684.9,1442.217,25.387,65.967,45.9,7.5,6.0,96.53333333333335,395859259.0,88.5,102.17000000000002
1978-10-01,2476.949,2501.54,6734.069,30119.0,-16.4,2460.549,1700.067,1481.354,26.394,67.5,47.733,9.09,5.9,102.17000000000002,384950000.0,96.53333333333335,94.65333333333335
1979-01-01,2526.61,2552.29,6746.176,30096.0,-18.159,2508.451,1683.258,1517.141,27.379,69.2,49.967,9.5,5.9,94.65333333333335,312850000.6666667,102.17000000000002,99.26666666666667
1979-04-01,2591.247,2620.698,6753.389,30050.0,-22.189,2569.058,1699.659,1557.635,28.337,71.4,57.067,9.5,5.7,99.26666666666667,322451853.0,94.65333333333335,101.25
1979-07-01,2667.565,2703.659,6803.558,30182.0,-23.029,2644.536,1704.624,1611.867,29.582,73.7,68.3,10.21,5.9,101.25,366685185.0,99.26666666666667,107.48333333333333
1979-10-01,2723.883,2760.381,6820.572,30164.0,-26.802,2697.0809999999997,1715.85,1655.035,30.919,76.033,74.567,11.92,6.0,107.48333333333333,411061111.0,101.25,105.30666666666666
1980-01-01,2789.842,2827.831,6842.024,30174.0,-35.803,2754.039,1741.034,1702.302,32.439,79.033,81.0,12.51,6.3,105.30666666666666,411442592.6666667,107.48333333333333,109.96999999999998
1980-04-01,2797.352,2833.163,6701.046,29470.0,-15.211,2782.141,1744.456,1704.723,33.393,81.7,86.433,12.45,7.3,109.96999999999998,553929629.3333334,105.30666666666666,110.58999999999999
1980-07-01,2856.483,2890.897,6693.082,29347.0,5.471,2861.954,1720.713,1763.771,34.543,83.233,87.9,10.35,7.7,110.58999999999999,420133332.6666667,109.96999999999998,123.17
1980-10-01,2985.557,3014.083,6817.903,29813.0,-6.682,2978.875,1720.334,1831.874,36.335,85.567,89.067,11.78,7.4,123.17,563914814.0,110.58999999999999,134.58333333333334
1981-01-01,3124.206,3155.609,6951.495,30335.0,-14.259,3109.947,1743.343,1885.734,37.665,87.933,101.167,13.0,7.4,134.58333333333334,563990740.0,123.17,132.27333333333334
1981-04-01,3162.532,3192.545,6899.98,30042.0,-13.508,3149.0240000000003,1746.695,1917.524,38.9,89.767,106.833,13.62,7.4,132.27333333333334,545622222.6666666,134.58333333333334,132.20333333333335
1981-07-01,3260.609,3293.303,6982.609,30319.0,-7.561,3253.048,1740.68,1958.099,40.435,92.267,106.233,14.0,7.4,132.20333333333335,579605556.6666666,132.27333333333334,123.29666666666667
1981-10-01,3280.818,3318.447,6906.529,29911.0,-14.75,3266.068,1762.804,1974.447,41.729,93.767,104.467,13.04,8.2,123.29666666666667,524751853.3333333,132.20333333333335,123.59666666666668
1982-01-01,3274.302,3310.294,6799.233,29384.0,-16.276,3258.0260000000003,1760.84,2014.155,43.117,94.6,103.2,12.0,8.8,123.59666666666668,545361111.6666666,123.29666666666667,115.15666666666665
1982-04-01,3331.972,3372.9,6830.251,29453.0,-4.386,3327.5860000000002,1767.532,2039.645,44.336,95.967,102.233,12.0,9.4,115.15666666666665,594300000.0,123.59666666666668,112.64333333333333
1982-07-01,3366.322,3401.349,6804.139,29265.0,-29.647,3336.675,1781.703,2085.671,45.458,97.633,104.133,10.83,9.9,112.64333333333333,606199999.3333334,115.15666666666665,115.67333333333335
1982-10-01,3402.561,3436.654,6806.857,29205.0,-29.587,3372.974,1809.171,2145.554,46.193,97.933,104.033,9.25,10.7,115.67333333333335,808518517.6666666,112.64333333333333,137.63
1983-01-01,3473.413,3507.464,6896.561,29530.0,-24.548,3448.8650000000002,1826.558,2184.589,47.156,98.0,98.567,8.5,10.4,137.63,1038459258.6666666,115.67333333333335,148.77333333333334
1983-04-01,3578.848,3615.589,7053.5,30140.0,-45.434,3533.4139999999998,1841.608,2249.438,48.629,99.133,96.333,8.5,10.1,148.77333333333334,995364815.3333334,137.63,164.82
1983-07-01,3689.179,3727.046,7194.504,30667.0,-65.2,3623.9790000000003,1873.396,2319.895,50.271,100.1,97.733,8.5,9.4,164.82,1058122220.3333334,148.77333333333334,164.34333333333333
1983-10-01,3794.706,3834.386,7344.597,31233.0,-71.385,3723.321,1843.417,2372.496,52.4,101.1,96.133,8.5,8.5,164.34333333333333,932668518.3333334,164.82,164.96
1984-01-01,3908.054,3945.094,7488.167,31783.0,-95.004,3813.05,1862.955,2418.165,54.216,102.533,100.633,8.5,7.9,164.96,1010757408.0,164.34333333333333,159.88333333333335
1984-04-01,4009.601,4047.14,7617.547,32267.0,-104.301,3905.3,1903.424,2475.876,56.105,103.5,101.1,8.96,7.4,159.88333333333335,1111738889.3333333,164.96,154.59333333333333
1984-07-01,4084.25,4121.606,7690.985,32498.0,-103.847,3980.403,1918.833,2513.523,57.827,104.4,99.433,9.0,7.4,154.59333333333333,1012953703.6666666,159.88333333333335,161.14666666666668
1984-10-01,4148.551,4181.775,7754.117,32686.0,-107.756,4040.7950000000005,1959.121,2561.797,59.404,105.3,96.3,8.73,7.3,161.14666666666668,1103292593.0,154.59333333333333,165.63666666666668
1985-01-01,4230.168,4255.859,7829.26,32941.0,-91.298,4138.87,1980.458,2636.008,60.951,106.267,94.533,8.0,7.2,165.63666666666668,1046020369.3333334,161.14666666666668,180.49
1985-04-01,4294.887,4322.557,7898.194,33161.0,-114.445,4180.442,2024.41,2681.764,62.338,107.233,95.667,7.77,7.3,180.49,1300262962.0,165.63666666666668,187.07666666666668
1985-07-01,4386.773,4409.267,8018.809,33581.0,-116.895,4269.878,2070.55,2754.148,63.63,107.9,94.867,7.5,7.2,187.07666666666668,1194299998.3333333,180.49,187.21
1985-10-01,4444.094,4469.698,8078.415,33746.0,-133.434,4310.66,2079.086,2779.4,65.094,109.0,98.533,7.5,7.0,187.21,1156746296.0,187.07666666666668,201.09
1986-01-01,4507.894,4530.053,8153.829,33994.0,-126.014,4381.88,2095.512,2823.648,65.905,109.567,91.267,7.37,7.0,201.09,1443146294.6666667,187.21,225.86666666666667
1986-04-01,4545.34,4560.834,8190.552,34075.0,-128.872,4416.468,2139.194,2851.456,66.204,109.033,77.067,6.61,7.2,225.86666666666667,1665316666.6666667,201.09,244.57000000000002
1986-07-01,4607.669,4625.847,8268.935,34316.0,-138.961,4468.708,2185.789,2917.201,66.724,109.7,71.333,5.83,7.0,244.57000000000002,1587081481.6666667,225.86666666666667,240.12333333333333
1986-10-01,4657.627,4669.623,8313.338,34418.0,-133.629,4523.9980000000005,2176.757,2952.807,67.364,110.467,70.633,5.5,6.8,240.12333333333333,1647796296.3333333,244.57000000000002,245.12333333333333
1987-01-01,4722.156,4736.524,8375.274,34607.0,-141.234,4580.922,2189.523,2983.513,67.856,111.8,74.733,5.5,6.6,245.12333333333333,1707118518.3333333,240.12333333333333,283.32666666666665
1987-04-01,4806.16,4824.292,8465.63,34907.0,-146.977,4659.183,2206.5,3053.33,68.437,113.067,76.467,5.5,6.3,283.32666666666665,2128014814.6666667,245.12333333333333,294.15333333333336
1987-07-01,4884.555,4902.321,8539.075,35123.0,-145.464,4739.091,2208.818,3117.358,69.428,114.267,80.033,5.65,6.0,294.15333333333336,2026740740.6666667,283.32666666666665,323.43
1987-10-01,5007.994,5027.678,8685.694,35638.0,-145.405,4862.589,2241.934,3150.916,71.245,115.333,80.5,6.0,5.8,323.43,2176296297.0,294.15333333333336,243.0566666666667
1988-01-01,5073.372,5098.36,8730.569,35751.0,-123.987,4949.385,2223.229,3231.896,72.881,116.233,78.667,6.0,5.7,243.0566666666667,2520514815.6666665,323.43,261.26
1988-04-01,5190.036,5212.852,8845.28,36145.0,-106.627,5083.409,2229.868,3291.716,75.364,117.567,79.3,6.0,5.5,261.26,2081650000.3333333,243.0566666666667,265.66333333333336
1988-07-01,5282.835,5302.996,8897.107,36262.0,-99.263,5183.572,2230.13,3361.899,77.459,119.0,78.667,6.29,5.5,265.66333333333336,1999785184.6666667,261.26,268.48333333333335
1988-10-01,5399.509,5422.172,9015.661,36654.0,-107.694,5291.815,2273.404,3434.539,79.697,120.3,75.633,6.5,5.3,268.48333333333335,1800998149.0,265.66333333333336,276.7966666666667
1989-01-01,5511.253,5533.649,9107.314,36953.0,-100.965,5410.288,2263.411,3490.172,81.783,121.667,78.9,6.7,5.2,276.7966666666667,1682014816.0,268.48333333333335,293.73333333333335
1989-04-01,5612.463,5634.129,9176.827,37151.0,-88.16,5524.303,2298.225,3553.767,83.21,123.633,80.833,7.0,5.2,293.73333333333335,1898709259.0,276.7966666666667,316.0466666666667
1989-07-01,5695.365,5719.661,9244.816,37323.0,-75.075,5620.29,2318.902,3609.399,84.733,124.6,81.5,7.0,5.2,316.0466666666667,2027992591.3333333,293.73333333333335,348.89333333333326
1989-10-01,5747.237,5778.036,9263.033,37295.0,-82.765,5664.472,2330.534,3653.692,86.721,125.867,85.367,7.0,5.4,348.89333333333326,1895027779.0,316.0466666666667,346.5833333333333
1990-01-01,5872.701,5902.22,9364.259,37617.0,-88.536,5784.165,2367.8,3737.948,88.92,128.033,97.733,7.0,5.3,346.5833333333333,1899675927.6666667,348.89333333333326,333.6366666666667
1990-04-01,5960.028,5991.651,9398.243,37636.0,-68.833,5891.195000000001,2371.533,3783.421,91.028,129.3,87.133,7.0,5.3,333.6366666666667,1858981481.6666667,346.5833333333333,350.01666666666665
1990-07-01,6015.116,6042.253,9404.494,37529.0,-74.953,5940.163,2375.306,3846.7,92.676,131.533,95.333,7.0,5.7,350.01666666666665,1782255556.3333333,333.6366666666667,328.25333333333333
1990-10-01,6004.733,6055.22,9318.876,37056.0,-79.096,5925.637000000001,2391.188,3867.909,93.276,133.767,116.867,6.93,6.1,328.25333333333333,1866953704.0,350.01666666666665,318.81333333333333
1991-01-01,6035.178,6074.636,9275.276,36769.0,-47.14,5988.038,2405.447,3873.562,96.818,134.767,102.933,6.17,6.6,318.81333333333333,1840462961.6666667,328.25333333333333,362.0733333333333
1991-04-01,6126.862,6155.42,9347.597,36938.0,-23.188,6103.674,2415.232,3926.932,101.01,135.567,91.267,5.66,6.8,362.0733333333333,2202098148.6666665,318.81333333333333,378.77666666666664
1991-07-01,6205.937,6231.047,9394.834,36993.0,-21.074,6184.863,2408.467,3973.269,101.716,136.6,90.267,5.4,6.9,378.77666666666664,2039931481.0,362.0733333333333,390.3666666666666
1991-10-01,6264.54,6297.761,9427.581,36995.0,-23.053,6241.487,2390.844,4000.032,104.553,137.733,93.7,4.56,7.1,390.3666666666666,1936366666.0,378.77666666666664,394.92
1992-01-01,6363.102,6395.836,9540.444,37328.0,-20.536,6342.566,2412.033,4100.401,104.451,138.667,88.767,3.5,7.4,394.92,2217650000.0,390.3666666666666,408.39000000000004
1992-04-01,6470.763,6502.819,9643.893,37607.0,-32.788,6437.975,2407.369,4155.66,105.395,139.733,89.8,3.5,7.6,408.39000000000004,2522246296.3333335,394.92,412.81333333333333
1992-07-01,6566.641,6595.851,9739.185,37839.0,-38.488,6528.152999999999,2422.703,4226.971,105.175,140.8,92.567,3.01,7.6,412.81333333333333,2262898147.6666665,408.39000000000004,418.68
1992-10-01,6680.803,6711.112,9840.753,38102.0,-47.14,6633.663,2422.424,4307.205,106.644,142.033,91.9,3.0,7.4,418.68,2211646295.3333335,412.81333333333333,428.58
1993-01-01,6729.459,6766.665,9857.185,38053.0,-55.704,6673.755,2392.371,4349.515,106.254,143.067,90.433,3.0,7.1,428.58,2505912961.6666665,418.68,444.60999999999996
1993-04-01,6808.939,6839.59,9914.565,38158.0,-63.187,6745.752,2392.585,4418.581,106.837,144.1,91.5,3.0,7.1,444.60999999999996,3053750000.0,428.58,446.96999999999997
1993-07-01,6882.098,6918.254,9961.873,38210.0,-68.354,6813.744,2395.987,4487.189,105.771,144.767,90.6,3.0,6.8,446.96999999999997,3056705556.0,444.60999999999996,456.8733333333334
1993-10-01,7013.738,7034.356,10097.362,38606.0,-73.449,6940.289000000001,2404.447,4552.651,106.437,145.967,88.733,3.0,6.6,456.8733333333334,3031009259.0,446.96999999999997,465.3566666666666
1994-01-01,7115.652,7143.011,10195.338,38876.0,-80.595,7035.057,2374.698,4621.223,106.205,146.7,89.7,3.0,6.6,465.3566666666666,3260792592.6666665,456.8733333333334,464.84
1994-04-01,7246.931,7269.779,10333.495,39288.0,-90.572,7156.3589999999995,2386.451,4683.163,107.513,147.533,88.767,3.25,6.2,464.84,3649166667.3333335,465.3566666666666,450.56
1994-07-01,7331.075,7352.37,10393.898,39390.0,-96.868,7234.206999999999,2426.679,4752.761,110.277,148.9,89.233,3.75,6.0,450.56,3196972223.3333335,464.84,465.4866666666667
1994-10-01,7455.288,7475.65,10512.962,39720.0,-101.913,7353.375,2405.565,4826.713,112.833,149.767,87.467,4.38,5.6,465.4866666666667,3246614814.6666665,450.56,461.77
1995-01-01,7522.289,7552.116,10550.251,39754.0,-105.329,7416.96,2413.98,4862.436,116.922,150.867,87.1,5.08,5.5,461.77,3508790741.0,465.4866666666667,486.17333333333335
1995-04-01,7580.997,7613.638,10581.723,39760.0,-109.492,7471.505,2422.091,4933.609,119.734,152.1,88.133,5.25,5.7,486.17333333333335,3884177777.0,461.77,530.9533333333334
1995-07-01,7683.125,7701.977,10671.738,39969.0,-74.444,7608.681,2415.736,4998.662,122.99,152.867,89.167,5.25,5.7,530.9533333333334,3966364814.6666665,486.17333333333335,569.4499999999999
1995-10-01,7772.586,7803.073,10744.203,40117.0,-69.78,7702.8060000000005,2390.46,5055.655,125.105,153.7,88.0,5.25,5.6,569.4499999999999,3982853703.6666665,530.9533333333334,600.9333333333333
1996-01-01,7868.468,7905.735,10824.674,40317.0,-88.795,7779.673,2406.228,5130.615,129.987,155.067,95.067,5.08,5.5,600.9333333333333,4322779630.666667,569.4499999999999,640.65
1996-04-01,8032.84,8061.846,11005.217,40873.0,-93.709,7939.131,2436.198,5220.499,132.866,156.4,98.4,5.0,5.5,640.65,4985594444.666667,600.9333333333333,664.64
1996-07-01,8131.408,8157.22,11103.935,41106.0,-114.18,8017.228,2436.182,5274.505,136.145,157.3,96.4,5.0,5.3,664.64,4764362963.666667,640.65,659.7566666666667
1996-10-01,8259.771,8291.163,11219.238,41401.0,-88.822,8170.9490000000005,2452.994,5352.763,139.022,158.667,106.9,5.0,5.3,659.7566666666667,4498935184.666667,664.64,734.3433333333332
1997-01-01,8362.655,8385.773,11291.665,41558.0,-108.839,8253.816,2440.245,5433.105,144.713,159.633,105.433,5.0,5.2,734.3433333333332,5103090740.666667,659.7566666666667,778.0333333333333
1997-04-01,8518.825,8549.503,11479.33,42128.0,-85.201,8433.624000000002,2471.867,5471.267,147.278,160.0,100.0,5.0,5.0,778.0333333333333,5828244443.333333,734.3433333333332,844.92
1997-07-01,8662.823,8685.903,11622.911,42514.0,-96.831,8565.992,2483.31,5579.179,150.198,160.8,97.433,5.0,4.9,844.92,5818422221.0,778.0333333333333,933.6866666666666
1997-10-01,8765.907,8782.231,11722.722,42745.0,-117.014,8648.893,2495.772,5663.61,150.254,161.667,96.267,5.0,4.7,933.6866666666666,6286522223.666667,844.92,946.8166666666666
1998-01-01,8866.48,8891.834,11839.876,43062.0,-135.215,8731.265,2486.841,5721.342,154.564,162.0,91.9,5.0,4.6,946.8166666666666,6694400001.0,933.6866666666666,1043.79
1998-04-01,8969.699,8992.195,11949.492,43342.0,-162.331,8807.368,2530.365,5832.566,158.546,162.533,91.267,5.0,4.4,1043.79,7057401852.0,946.8166666666666,1112.1366666666665
1998-07-01,9121.097,9130.667,12099.191,43748.0,-174.634,8946.463,2549.426,5926.846,162.949,163.367,90.433,5.0,4.5,1112.1366666666665,7163920370.666667,1043.79,1031.6533333333334
1998-10-01,9293.991,9306.215,12294.737,44321.0,-178.663,9115.328,2564.473,6028.238,166.161,164.133,86.3,4.66,4.4,1031.6533333333334,8514894446.0,1112.1366666666665,1163.8433333333335
1999-01-01,9411.682,9437.614,12410.778,44627.0,-212.559,9199.123000000001,2582.887,6102.04,168.878,164.733,83.333,4.5,4.3,1163.8433333333335,8635996296.666666,1031.6533333333334,1268.1133333333335
1999-04-01,9526.21,9557.13,12514.408,44876.0,-247.53,9278.679999999998,2592.218,6230.641,174.582,165.967,87.233,4.5,4.3,1268.1133333333335,9031825926.333334,1163.8433333333335,1336.5766666666666
1999-07-01,9686.626,9715.248,12679.977,45326.0,-276.403,9410.223,2623.423,6335.31,180.213,167.2,93.933,4.6,4.2,1336.5766666666666,9348635186.666666,1268.1133333333335,1310.6133333333335
1999-10-01,9900.169,9938.31,12888.281,45932.0,-301.708,9598.461,2664.236,6467.039,186.223,168.433,101.767,4.87,4.1,1310.6133333333335,8812996296.333334,1336.5766666666666,1407.0833333333333
2000-01-01,10002.179,10035.263,12935.252,45983.0,-356.583,9645.596,2645.323,6618.217,194.047,170.1,125.733,5.19,4.0,1407.0833333333333,10529168518.666666,1310.6133333333335,1419.82
2000-04-01,10247.72,10283.391,13170.749,46704.0,-362.501,9885.219,2671.398,6711.911,196.209,171.433,121.267,5.74,3.9,1419.82,12696777779.333334,1407.0833333333333,1442.5566666666666
2000-07-01,10318.165,10348.645,13183.89,46624.0,-393.867,9924.298,2660.139,6819.984,201.472,173.0,130.133,6.0,4.0,1442.5566666666666,11433900000.0,1419.82,1461.6733333333334
2000-10-01,10435.744,10490.43,13262.25,46777.0,-411.343,10024.401,2676.446,6918.606,204.188,174.233,142.067,6.0,3.9,1461.6733333333334,11165018518.333334,1442.5566666666666,1354.8733333333332
2001-01-01,10470.231,10510.297,13219.251,46519.0,-402.653,10067.578,2718.291,6995.298,204.06,175.9,138.433,5.11,4.2,1354.8733333333332,12980462964.333334,1461.6733333333334,1254.75
2001-04-01,10599.0,10647.427,13301.394,46698.0,-364.015,10234.985,2765.415,7042.25,204.629,177.133,130.767,3.83,4.4,1254.75,14311261111.0,1354.8733333333332,1243.3566666666666
2001-07-01,10598.02,10623.039,13248.142,46390.0,-370.634,10227.386,2762.681,7070.337,202.235,177.633,128.633,3.06,4.8,1243.3566666666666,13830355555.666666,1254.75,1128.3266666666666
2001-10-01,10660.465,10748.408,13284.881,46400.0,-369.688,10290.777,2808.498,7187.32,199.87,177.5,118.767,1.64,5.5,1128.3266666666666,13366333333.333334,1243.3566666666666,1114.99
2002-01-01,10783.5,10833.143,13394.91,46683.0,-386.884,10396.616,2857.336,7217.715,196.072,178.067,108.833,1.25,5.7,1114.99,15075898149.0,1128.3266666666666,1128.11
2002-04-01,10887.46,10918.384,13477.356,46866.0,-428.259,10459.201,2879.282,7307.955,196.025,179.467,113.7,1.25,5.8,1128.11,15251296296.666666,1114.99,1044.6266666666668
2002-07-01,10984.04,11027.515,13531.741,46936.0,-447.548,10536.492,2894.18,7397.135,195.214,180.433,116.8,1.25,5.7,1044.6266666666668,15825168518.333334,1128.11,880.9900000000001
2002-10-01,11061.433,11120.565,13549.421,46883.0,-496.289,10565.144,2915.62,7472.958,197.047,181.5,122.8,0.94,5.9,880.9900000000001,18379783332.666668,1044.6266666666668,900.63
2003-01-01,11174.129,11217.689,13619.434,47027.0,-525.262,10648.867,2917.867,7567.16,198.227,183.367,148.9,2.25,5.9,900.63,17231650000.333332,880.9900000000001,848.3433333333332
2003-04-01,11312.766,11369.131,13741.107,47342.0,-519.87,10792.895999999999,2944.719,7661.458,200.62,183.067,139.067,2.17,6.1,848.3433333333332,15937946296.0,900.63,951.6700000000001
2003-07-01,11566.669,11621.172,13970.157,48012.0,-518.994,11047.675,2951.221,7820.927,201.917,184.433,134.767,2.0,6.1,951.6700000000001,17007612963.0,848.3433333333332,998.0966666666667
2003-10-01,11772.234,11851.792,14131.379,48450.0,-523.694,11248.54,2969.138,7913.453,203.275,185.133,134.267,2.0,5.8,998.0966666666667,15995329629.666666,951.6700000000001,1073.61
2004-01-01,11923.447,12021.455,14212.34,48633.0,-565.975,11357.472,2982.735,8048.777,203.252,186.7,147.5,2.0,5.7,1073.61,15666824074.333334,998.0966666666667,1134.0933333333335
2004-04-01,12112.815,12185.61,14323.017,48905.0,-617.581,11495.234,2990.824,8147.108,205.595,188.167,150.567,2.08,5.6,1134.0933333333335,17482129628.333332,1073.61,1122.9399999999998
2004-07-01,12305.307,12386.919,14457.832,49243.0,-652.672,11652.635,2996.334,8283.335,208.794,189.367,160.733,2.5,5.4,1122.9399999999998,16382925926.0,1134.0933333333335,1106.8466666666666
2004-10-01,12527.214,12581.653,14605.595,49623.0,-700.336,11826.878,2994.627,8448.621,212.116,191.4,182.0,3.0,5.4,1106.8466666666666,15315235184.333334,1122.9399999999998,1171.98
2005-01-01,12767.286,12854.364,14767.846,50068.0,-696.655,12070.631,3009.569,8551.735,221.014,192.367,188.4,3.5,5.3,1171.98,17235885185.0,1106.8466666666666,1188.4866666666667
2005-04-01,12922.656,12996.998,14839.707,50204.0,-707.21,12215.446,3007.831,8701.145,223.667,193.667,196.133,4.0,5.1,1188.4866666666667,18483399999.666668,1171.98,1179.8933333333332
2005-07-01,13142.642,13225.668,14956.291,50470.0,-750.961,12391.681,3017.773,8868.089,227.453,196.6,216.2,4.5,5.0,1179.8933333333332,22792648147.666668,1188.4866666666667,1227.7733333333333
2005-10-01,13324.204,13378.959,15041.232,50629.0,-804.786,12519.418,3020.133,8955.295,226.527,198.433,233.467,5.0,5.0,1227.7733333333333,23013383332.666668,1179.8933333333332,1234.9266666666665
2006-01-01,13599.16,13654.952,15244.088,51200.0,-790.818,12808.342,3058.483,9100.153,232.391,199.467,230.133,5.58,4.7,1234.9266666666665,25306072222.0,1227.7733333333333,1285.1833333333332
2006-04-01,13753.424,13802.877,15281.525,51210.0,-794.042,12959.382000000001,3057.551,9227.649,238.448,201.267,238.433,6.0,4.6,1285.1833333333332,26477153704.333332,1234.9266666666665,1283.6333333333332
2006-07-01,13870.188,13906.646,15304.517,51155.0,-823.284,13046.904,3053.11,9353.772,250.56,203.167,241.433,6.25,4.6,1283.6333333333332,28239725925.666668,1285.1833333333332,1305.44
2006-10-01,14039.56,14083.697,15433.643,51455.0,-737.668,13301.892,3078.215,9427.368,260.965,202.333,229.433,6.25,4.4,1305.44,27006533333.666668,1283.6333333333332,1398.9533333333336
2007-01-01,14215.651,14258.594,15478.956,51492.0,-739.273,13476.378,3082.482,9572.138,261.629,204.317,232.198,6.25,4.5,1398.9533333333336,29577098147.333332,1305.44,1421.97
2007-04-01,14402.082,14463.277,15577.779,51705.0,-745.806,13656.276,3110.661,9678.713,266.932,206.631,241.051,6.25,4.5,1421.97,32621007406.333332,1398.9533333333336,1505.4466666666667
2007-07-01,14564.117,14681.751,15671.605,51882.0,-728.954,13835.163,3124.883,9798.383,267.799,207.939,248.267,5.75,4.7,1505.4466666666667,34687651851.666664,1421.97,1485.3366666666668
2007-10-01,14715.058,14875.943,15767.146,52066.0,-729.699,13985.359,3149.542,9937.14,275.753,210.49,284.295,4.92,4.8,1485.3366666666668,40653498148.333336,1505.4466666666667,1499.6266666666668
2008-01-01,14706.538,14857.342,15702.906,51740.0,-771.248,13935.29,3156.928,10004.445,281.858,212.77,315.782,3.17,5.0,1499.6266666666668,42053925925.333336,1485.3366666666668,1343.96
2008-04-01,14865.701,15023.21,15792.773,51923.0,-776.404,14089.296999999999,3184.258,10129.869,288.5,215.538,365.369,2.25,5.3,1343.96,50037155555.0,1499.6266666666668,1355.3233333333335
2008-07-01,14898.999,15075.73,15709.562,51523.0,-787.354,14111.645,3210.02,10159.078,283.546,218.861,370.888,2.25,6.0,1355.3233333333335,48811694444.333336,1343.96,1238.8566666666666
2008-10-01,14608.208,14704.022,15366.607,50281.0,-628.474,13979.734,3231.944,9906.942,282.741,213.849,285.582,1.0,6.9,1238.8566666666666,65047018517.666664,1355.3233333333335,922.7466666666666
2009-01-01,14430.901,14551.583,15187.475,49594.0,-420.992,14009.909,3268.818,9814.969,265.934,212.378,240.088,0.5,8.3,922.7466666666666,71919946296.0,1238.8566666666666,786.2800000000001
2009-04-01,14381.236,14504.001,15161.772,49408.0,-358.368,14022.868,3316.62,9805.502,272.852,213.507,228.636,0.5,9.3,786.2800000000001,73782683333.33333,922.7466666666666,903.7566666666667
2009-07-01,14448.882,14631.307,15216.647,49473.0,-423.998,14024.884,3325.682,9939.406,274.687,215.344,234.776,0.5,9.6,903.7566666666667,70948779630.33333,786.2800000000001,1021.7266666666666
2009-10-01,14651.248,14826.345,15379.155,49886.0,-473.254,14177.993999999999,3331.645,10004.996,284.99,217.03,255.612,0.5,9.9,1021.7266666666666,62035287037.0,903.7566666666667,1082.3066666666666
2010-01-01,14764.611,14968.896,15456.059,50036.0,-509.192,14255.419000000002,3317.347,10101.822,277.703,217.374,278.054,0.67,9.8,1082.3066666666666,53316268517.0,1021.7266666666666,1115.93
2010-04-01,14980.193,15187.024,15605.628,50424.0,-542.514,14437.679,3327.564,10208.145,278.066,217.297,272.069,0.75,9.6,1115.93,51702309259.333336,1082.3066666666666,1102.2700000000002
2010-07-01,15141.605,15339.711,15726.282,50706.0,-553.943,14587.662,3304.078,10300.754,282.456,217.934,263.422,0.75,9.5,1102.2700000000002,65650266666.0,1115.93,1097.3766666666668
2010-10-01,15309.471,15522.781,15807.995,50859.0,-523.586,14785.885,3283.046,10430.304,291.481,219.699,286.985,0.75,9.5,1097.3766666666668,48167742590.333336,1102.2700000000002,1207.1499999999999
2011-01-01,15351.444,15574.331,15769.911,50646.0,-568.476,14782.967999999999,3242.78,10558.195,296.82,222.044,317.427,0.75,9.0,1207.1499999999999,47717012963.666664,1097.3766666666668,1313.0566666666666
2011-04-01,15557.535,15780.006,15876.839,50897.0,-581.092,14976.443,3220.816,10673.018,301.716,224.568,343.532,0.75,9.1,1313.0566666666666,44610414815.333336,1207.1499999999999,1343.1499999999999
2011-07-01,15647.681,15893.499,15870.684,50769.0,-567.111,15080.57,3174.801,10755.029,305.483,226.033,345.496,0.75,9.0,1343.1499999999999,45406762964.0,1313.0566666666666,1214.1966666666667
2011-10-01,15842.267,16102.819,16048.702,51232.0,-601.788,15240.479,3172.535,10809.186,309.571,227.047,343.633,0.75,8.6,1214.1966666666667,54131140741.0,1343.1499999999999,1252.6200000000001
2012-01-01,16068.824,16315.076,16179.968,51559.0,-602.271,15466.553,3158.939,10959.301,309.511,228.326,339.226,0.75,8.3,1252.6200000000001,47607620370.333336,1214.1966666666667,1362.1866666666667
2012-04-01,16207.13,16435.293,16253.726,51702.0,-565.241,15641.889,3142.418,11005.055,311.325,228.808,336.49,0.75,8.2,1362.1866666666667,44787579630.0,1252.6200000000001,1356.8
2012-07-01,16319.54,16548.815,16282.151,51684.0,-523.083,15796.457,3137.664,11059.393,314.598,229.841,329.125,0.75,8.0,1356.8,45049007407.333336,1362.1866666666667,1408.8566666666666
2012-10-01,16420.386,16647.723,16300.035,51634.0,-515.874,15904.511999999999,3106.86,11165.703,318.364,231.369,338.124,0.75,7.8,1408.8566666666666,39476277776.666664,1356.8,1418.176666666667
2013-01-01,16629.05,16845.017,16441.485,51998.0,-500.212,16128.838,3078.855,11265.599,329.169,232.299,330.649,0.75,7.7,1418.176666666667,38820335185.0,1408.8566666666666,1527.3266666666666
2013-04-01,16699.551,16928.625,16464.402,51982.0,-499.345,16200.206,3073.677,11290.973,334.245,232.045,322.067,0.75,7.5,1527.3266666666666,39564648148.0,1418.176666666667,1611.53
2013-07-01,16911.068,17151.537,16594.743,52284.0,-482.952,16428.115999999998,3057.212,11379.188,341.741,233.3,334.735,0.75,7.2,1611.53,42313340741.666664,1527.3266666666666,1666.75
2013-10-01,17133.114,17368.794,16712.76,52544.0,-435.068,16698.046000000002,3033.118,11518.351,346.588,234.163,340.092,0.75,6.9,1666.75,36867414814.333336,1611.53,1803.57
2014-01-01,17144.281,17381.812,16654.247,52266.0,-511.282,16632.999,3020.58,11618.108,347.835,235.621,365.385,0.75,6.7,1803.57,38006372221.666664,1666.75,1838.1266666666668
2014-04-01,17462.703,17691.165,16868.109,52840.0,-506.491,16956.212,3024.424,11784.687,354.892,236.872,339.348,0.75,6.2,1838.1266666666668,40274542593.333336,1803.57,1922.5833333333333
2014-07-01,17743.227,17995.3,17064.616,53340.0,-490.466,17252.761,3044.694,11934.297,361.319,237.478,337.419,0.75,6.1,1922.5833333333333,36759781482.0,1838.1266666666668,1968.7766666666666
2014-10-01,17852.54,18075.379,17141.235,53464.0,-531.908,17320.632,3043.215,12053.809,374.088,236.888,312.186,0.75,5.7,1968.7766666666666,35437375925.0,1922.5833333333333,2048.17
2015-01-01,17991.348,18214.218,17280.647,53806.0,-526.916,17464.432,3058.973,12083.904,371.769,235.355,272.956,0.75,5.5,2048.17,44084824074.333336,1968.7766666666666,2055.793333333333
2015-04-01,18193.707,18405.862,17380.875,54021.0,-508.803,17684.904,3085.089,12224.707,374.454,236.96,265.867,0.75,5.4,2055.793333333333,41255824074.666664,2048.17,2085.3366666666666
2015-07-01,18306.96,18520.403,17437.08,54081.0,-543.012,17763.948,3099.082,12347.752,380.7,237.855,248.447,0.75,5.1,2085.3366666666666,38974564814.333336,2055.793333333333,1998.6833333333334
2015-10-01,18332.079,18565.145,17462.579,54045.0,-526.066,17806.013000000003,3110.257,12397.543,386.195,237.837,236.297,0.83,5.0,1998.6833333333334,44914212963.0,2085.3366666666666,2067.9033333333336
2016-01-01,18425.306,18640.558,17565.465,54267.0,-514.394,17910.912,3142.841,12495.078,391.635,237.689,213.328,1.0,4.9,2067.9033333333336,45451435185.666664,1998.6833333333334,1977.4033333333334
2016-04-01,18611.617,18827.942,17618.581,54334.0,-491.683,18119.933999999997,3137.91,12637.36,404.97,239.59,222.885,1.0,4.9,1977.4033333333334,51499768518.666664,2067.9033333333336,2087.0400000000004
2016-07-01,18775.459,18995.777,17724.489,54549.0,-485.079,18290.379999999997,3153.894,12759.058,408.814,240.607,230.128,1.0,4.9,2087.0400000000004,45715053704.0,1977.4033333333334,2170.94
2016-10-01,18968.041,19243.922,17812.56,54714.0,-533.843,18434.198,3160.471,12881.566,412.337,242.135,239.084,1.08,4.8,2170.94,41187185185.666664,2087.0400000000004,2187.93
2017-01-01,19153.912,19427.462,17896.623,54889.0,-533.304,18620.608,3153.834,13046.44,418.354,243.839,250.846,1.33,4.6,2187.93,43842153703.666664,2170.94,2335.0766666666664
2017-04-01,19322.92,19585.223,17996.802,55111.0,-557.054,18765.865999999998,3163.234,13144.402,416.695,244.12,247.33,1.58,4.4,2335.0766666666664,40961735185.666664,2187.93,2406.47
2017-07-01,19558.693,19864.059,18126.226,55408.0,-523.539,19035.154,3160.72,13268.146,425.235,245.287,250.681,1.75,4.3,2406.47,41828764815.0,2335.0766666666664,2487.103333333334
2017-10-01,19882.965,20219.956,18296.685,55835.0,-545.832,19337.133,3182.962,13497.455,433.807,247.238,268.9,1.83,4.2,2487.103333333334,37059890741.333336,2406.47,2632.15
2018-01-01,20143.716,20460.314,18436.262,56192.0,-580.052,19563.664,3189.744,13667.433,447.238,249.254,287.749,2.08,4.0,2632.15,38758522222.333336,2487.103333333334,2726.1699999999996
2018-04-01,20492.492,20793.247,18590.004,56586.0,-539.799,19952.693,3212.179,13864.763,463.122,250.681,291.727,2.33,3.9,2726.1699999999996,43112838890.0,2632.15,2690.563333333333
2018-07-01,20659.102,20930.65,18679.599,56770.0,-623.971,20035.130999999998,3220.013,14002.589,468.321,251.77,299.475,2.58,3.8,2690.563333333333,41241774074.0,2726.1699999999996,2877.263333333333
2018-10-01,20813.325,21101.077,18721.281,56813.0,-640.92,20172.405000000002,3213.368,14119.338,483.675,252.69,293.529,2.83,3.8,2877.263333333333,36346753703.333336,2690.563333333333,2659.5866666666666
2019-01-01,21001.591,21254.334,18833.195,57093.0,-606.4,20395.191,3235.153,14155.552,499.669,253.293,278.366,3.0,3.9,2659.5866666666666,47209372222.333336,2877.263333333333,2774.33
2019-04-01,21289.268,21564.924,18982.528,57480.0,-632.287,20656.981,3274.933,14375.722,513.438,255.283,285.123,3.0,3.6,2774.33,42440988889.666664,2659.5866666666666,2879.883333333333
2019-07-01,21505.012,21780.753,19112.653,57789.0,-613.975,20891.037,3291.711,14529.48,520.209,256.225,279.678,2.75,3.6,2879.883333333333,40249324074.666664,2774.33,2961.193333333333
2019-10-01,21694.458,21955.98,19202.31,57977.0,-532.389,21162.069,3316.263,14653.949,524.331,257.785,280.19,2.25,3.6,2961.193333333333,41470600001.666664,2879.883333333333,3136.44
2020-01-01,21481.367,21721.267,18951.992,57165.0,-541.718,20939.648999999998,3346.322,14439.089,529.754,258.618,262.619,1.58,3.8,3136.44,41073790741.0,2961.193333333333,2921.443333333333
2020-04-01,19477.444,19649.442,17258.205,52031.0,-538.876,18938.568,3378.132,12989.729,519.85,256.418,219.57,0.25,13.0,2921.443333333333,59851442591.0,3136.44,3019.0099999999998
2020-07-01,21138.574,21365.412,18560.774,55933.0,-725.723,20412.851000000002,3360.238,14293.832,539.864,259.438,232.403,0.25,8.8,3019.0099999999998,67143491702.0,2921.443333333333,3378.1433333333334
2020-10-01,21477.597,21728.223,18767.778,56533.0,-798.431,20679.166,3356.03,14467.611,561.269,260.879,234.862,0.25,6.8,3378.1433333333334,52040181958.0,3019.0099999999998,3549.22
2021-01-01,22038.226,22273.06,19055.655,57405.0,-872.54,21165.685999999998,3390.921,15005.444,576.34,263.525,274.983,0.25,6.2,3549.22,51522877124.666664,3378.1433333333334,3832.7599999999998
2021-04-01,22740.959,22971.357,19368.31,58335.0,-881.689,21859.27,3373.765,15681.699,594.504,268.76,289.754,0.25,5.9,3832.7599999999998,52778597690.333336,3549.22,4227.593333333333
